DELETE FROM directors;
DELETE FROM actors;
DELETE FROM movies;
DELETE FROM actors_movies;

-- Directors

INSERT INTO directors (imdb_id,name,birthYear,deathYear) VALUES
	 ('nm0001104','Frank Darabont',1959,NULL),
	 ('nm0000338','Francis Ford Coppola',1939,NULL),
	 ('nm0634240','Christopher Nolan',1970,NULL),
	 ('nm0001486','Sidney Lumet',1924,2011),
	 ('nm0000229','Steven Spielberg',1946,NULL),
	 ('nm0001392','Peter Jackson',1961,NULL),
	 ('nm0000233','Quentin Tarantino',1963,NULL),
	 ('nm0001466','Sergio Leone',1929,1989),
	 ('nm0000709','Robert Zemeckis',1951,NULL),
	 ('nm0000399','David Fincher',1962,NULL);
INSERT INTO directors (imdb_id,name,birthYear,deathYear) VALUES
	 ('nm0449984','Irvin Kershner',1923,2010),
	 ('nm0000217','Martin Scorsese',1942,NULL),
	 ('nm0001232','Milos Forman',1932,2018),
	 ('nm0000041','Akira Kurosawa',1910,1998),
	 ('nm0001008','Frank Capra',1897,1991),
	 ('nm0001129','Jonathan Demme',1944,2017),
	 ('nm0000905','Roberto Benigni',1952,NULL),
	 ('nm0000184','George Lucas',1944,NULL),
	 ('nm0000116','James Cameron',1954,NULL),
	 ('nm0594503','Hayao Miyazaki',1941,NULL);
INSERT INTO directors (imdb_id,name,birthYear,deathYear) VALUES
	 ('nm0000591','Roman Polanski',1933,NULL),
	 ('nm0000033','Alfred Hitchcock',1899,1980),
	 ('nm0094435','Bong Joon Ho',1969,NULL),
	 ('nm0000108','Luc Besson',1959,NULL),
	 ('nm0000631','Ridley Scott',1937,NULL),
	 ('nm0443411','Tony Kaye',1952,NULL),
	 ('nm0001741','Bryan Singer',1965,NULL),
	 ('nm3227090','Damien Chazelle',1985,NULL),
	 ('nm0002031','Michael Curtiz',1886,1962),
	 ('nm0847223','Isao Takahata',1935,2018);
INSERT INTO directors (imdb_id,name,birthYear,deathYear) VALUES
	 ('nm0462030','Masaki Kobayashi',1916,1996),
	 ('nm0000122','Charles Chaplin',1889,1977),
	 ('nm0868153','Giuseppe Tornatore',1956,NULL),
	 ('nm0004056','Andrew Stanton',1965,NULL),
	 ('nm0003697','Florian Henckel von Donnersmarck',1973,NULL),
	 ('nm0000697','Billy Wilder',1906,2002),
	 ('nm0000040','Stanley Kubrick',1928,1999),
	 ('nm0005222','Sam Mendes',1965,NULL),
	 ('nm0661791','Park Chan-wook',1963,NULL),
	 ('nm0005124','John Lasseter',1957,NULL);
INSERT INTO directors (imdb_id,name,birthYear,deathYear) VALUES
	 ('nm0680846','Todd Phillips',1970,NULL),
	 ('nm0000154','Mel Gibson',1956,NULL),
	 ('nm0000583','Wolfgang Petersen',1941,NULL),
	 ('nm0001814','Gus Van Sant',1952,NULL),
	 ('nm1396121','Makoto Shinkai',1973,NULL),
	 ('nm0386246','Rajkumar Hirani',1962,NULL),
	 ('nm0004716','Darren Aronofsky',1969,NULL),
	 ('nm0881279','Lee Unkrich',1967,NULL),
	 ('nm1701024','Nadine Labaki',1974,NULL),
	 ('nm0549658','Richard Marquand',1937,1987);
INSERT INTO directors (imdb_id,name,birthYear,deathYear) VALUES
	 ('nm0327273','Michel Gondry',1963,NULL),
	 ('nm0459552','Elem Klimov',1933,2003),
	 ('nm0899121','Thomas Vinterberg',1969,NULL),
	 ('nm0000080','Orson Welles',1915,1985),
	 ('nm0000485','Fritz Lang',1890,1976),
	 ('nm0000180','David Lean',1908,1991),
	 ('nm0000466','Jean-Pierre Jeunet',1953,NULL),
	 ('nm0000361','Brian De Palma',1940,NULL),
	 ('nm2371802','Thomas Kail',NULL,NULL),
	 ('nm0898288','Denis Villeneuve',1967,NULL);
INSERT INTO directors (imdb_id,name,birthYear,deathYear) VALUES
	 ('nm0000520','Michael Mann',1943,NULL),
	 ('nm0612322','Robert Mulligan',1925,2008),
	 ('nm0001351','George Roy Hill',1921,2002),
	 ('nm1410815','Asghar Farhadi',1972,NULL),
	 ('nm0000436','Curtis Hanson',1945,2016),
	 ('nm0001532','John McTiernan',1951,NULL),
	 ('nm2676052','Joseph Kosinski',1974,NULL),
	 ('nm0005363','Guy Ritchie',1968,NULL),
	 ('nm0001120','Vittorio De Sica',1901,1974),
	 ('nm0386570','Oliver Hirschbiegel',1957,NULL);
INSERT INTO directors (imdb_id,name,birthYear,deathYear) VALUES
	 ('nm4318159','Nitesh Tiwari',NULL,NULL),
	 ('nm1725469','Florian Zeller',1979,NULL),
	 ('nm0000581','Joseph L. Mankiewicz',1909,1993),
	 ('nm0268380','Peter Farrelly',1956,NULL),
	 ('nm0006452','Stanley Kramer',1913,2001),
	 ('nm0001837','Peter Weir',1944,NULL),
	 ('nm0000759','Paul Thomas Anderson',1970,NULL),
	 ('nm0868219','Guillermo del Toro',1964,NULL),
	 ('nm0000142','Clint Eastwood',1930,NULL),
	 ('nm0796117','M. Night Shyamalan',1970,NULL);
INSERT INTO directors (imdb_id,name,birthYear,deathYear) VALUES
	 ('nm0000165','Ron Howard',1954,NULL),
	 ('nm0001379','John Huston',1906,1987),
	 ('nm0836328','John Sturges',1910,1992),
	 ('nm1218281','Jon Watts',1981,NULL),
	 ('nm0000118','John Carpenter',1948,NULL),
	 ('nm0000186','David Lynch',1946,NULL),
	 ('nm0574625','James McTeigue',NULL,NULL),
	 ('nm0002728','Juan José Campanella',1959,NULL),
	 ('nm1732981','Martin McDonagh',1970,NULL),
	 ('nm0000965','Danny Boyle',1956,NULL);
INSERT INTO directors (imdb_id,name,birthYear,deathYear) VALUES
	 ('nm0640334','Gavin O''Connor',1963,NULL),
	 ('nm0006498','Majid Majidi',1959,NULL),
	 ('nm0000500','Richard Linklater',1960,NULL),
	 ('nm0946734','David Yates',1963,NULL),
	 ('nm2588606','Steve McQueen',1969,NULL),
	 ('nm0001415','Elia Kazan',1909,2003),
	 ('nm0943758','William Wyler',1902,1981),
	 ('nm0027572','Wes Anderson',1969,NULL),
	 ('nm0000005','Ingmar Bergman',1918,2007),
	 ('nm0006487','Jim Sheridan',1949,NULL);
INSERT INTO directors (imdb_id,name,birthYear,deathYear) VALUES
	 ('nm0715346','Carol Reed',1906,1976),
	 ('nm0001047','Michael Cimino',1939,2016),
	 ('nm0167241','Henri-Georges Clouzot',1907,1977),
	 ('nm0000036','Buster Keaton',1895,1966),
	 ('nm1167933','Damián Szifron',1975,NULL),
	 ('nm0004306','George Miller',1945,NULL),
	 ('nm0254178','Adam Elliot',1972,NULL),
	 ('nm1049433','Lenny Abrahamson',1966,NULL),
	 ('nm0654868','Yasujirô Ozu',1903,1963),
	 ('nm0003433','Carl Theodor Dreyer',1889,1968);
INSERT INTO directors (imdb_id,name,birthYear,deathYear) VALUES
	 ('nm0003506','James Mangold',1963,NULL),
	 ('nm0313623','Terry George',1952,NULL),
	 ('nm0000814','John G. Avildsen',1935,2017),
	 ('nm0000231','Oliver Stone',1946,NULL),
	 ('nm0565336','Tom McCarthy',1966,NULL),
	 ('nm0001661','Rob Reiner',1947,NULL),
	 ('nm0000576','Sean Penn',1960,NULL),
	 ('nm0000601','Harold Ramis',1944,2014),
	 ('nm0001243','William Friedkin',1935,NULL),
	 ('nm0006249','Satyajit Ray',1921,1992);
INSERT INTO directors (imdb_id,name,birthYear,deathYear) VALUES
	 ('nm0083348','Brad Bird',1957,NULL),
	 ('nm0523932','Ernst Lubitsch',1892,1947),
	 ('nm0440913','Mathieu Kassovitz',1967,NULL),
	 ('nm0893659','Gore Verbinski',1964,NULL),
	 ('nm0690597','Gillo Pontecorvo',1919,2006),
	 ('nm0000406','John Ford',1894,1973),
	 ('nm0002120','Lasse Hallström',1946,NULL),
	 ('nm4377096','T.J. Gnanavel',NULL,NULL),
	 ('nm1463981','Cagan Irmak',1970,NULL),
	 ('nm0327944','Alejandro G. Iñárritu',1963,NULL);
INSERT INTO directors (imdb_id,name,birthYear,deathYear) VALUES
	 ('nm0742341','Stuart Rosenberg',1927,2007),
	 ('nm0000076','François Truffaut',1932,1984),
	 ('nm0936404','Robert Wise',1914,2005),
	 ('nm0001402','Terry Jones',1942,2020),
	 ('nm0853238','Tate Taylor',1969,NULL),
	 ('nm0000126','Kevin Costner',1955,NULL),
	 ('nm0000277','Richard Attenborough',1923,2014);

-- Actors

INSERT INTO imdb.actors (imdb_id,name,birthYear,deathYear) VALUES
	 ('nm0000005','Ingmar Bergman',1918,2007),
	 ('nm0000006','Ingrid Bergman',1915,1982),
	 ('nm0000007','Humphrey Bogart',1899,1957),
	 ('nm0000008','Marlon Brando',1924,2004),
	 ('nm0000012','Bette Davis',1908,1989),
	 ('nm0000016','Georges Delerue',1925,1992),
	 ('nm0000017','Marlene Dietrich',1901,1992),
	 ('nm0000018','Kirk Douglas',1916,2020),
	 ('nm0000020','Henry Fonda',1905,1982),
	 ('nm0000021','Joan Fontaine',1917,2013);
INSERT INTO imdb.actors (imdb_id,name,birthYear,deathYear) VALUES
	 ('nm0000022','Clark Gable',1901,1960),
	 ('nm0000024','John Gielgud',1904,2000),
	 ('nm0000025','Jerry Goldsmith',1929,2004),
	 ('nm0000026','Cary Grant',1904,1986),
	 ('nm0000027','Alec Guinness',1914,2000),
	 ('nm0000032','Charlton Heston',1923,2008),
	 ('nm0000033','Alfred Hitchcock',1899,1980),
	 ('nm0000034','William Holden',1918,1981),
	 ('nm0000035','James Horner',1953,2015),
	 ('nm0000036','Buster Keaton',1895,1966);
INSERT INTO imdb.actors (imdb_id,name,birthYear,deathYear) VALUES
	 ('nm0000038','Grace Kelly',1929,1982),
	 ('nm0000040','Stanley Kubrick',1928,1999),
	 ('nm0000041','Akira Kurosawa',1910,1998),
	 ('nm0000044','Burt Lancaster',1913,1994),
	 ('nm0000048','Peter Lorre',1904,1964),
	 ('nm0000051','James Mason',1909,1984),
	 ('nm0000054','Marilyn Monroe',1926,1962),
	 ('nm0000055','Alfred Newman',1900,1970),
	 ('nm0000056','Paul Newman',1925,2008),
	 ('nm0000059','Laurence Olivier',1907,1989);
INSERT INTO imdb.actors (imdb_id,name,birthYear,deathYear) VALUES
	 ('nm0000060','Gregory Peck',1916,2003),
	 ('nm0000061','Tyrone Power',1914,1958),
	 ('nm0000063','Anthony Quinn',1915,2001),
	 ('nm0000064','Edward G. Robinson',1893,1973),
	 ('nm0000065','Nino Rota',1911,1979),
	 ('nm0000067','Miklós Rózsa',1907,1995),
	 ('nm0000070','Max Steiner',1888,1971),
	 ('nm0000071','James Stewart',1908,1997),
	 ('nm0000075','Spencer Tracy',1900,1967),
	 ('nm0000076','François Truffaut',1932,1984);
INSERT INTO imdb.actors (imdb_id,name,birthYear,deathYear) VALUES
	 ('nm0000077','Franz Waxman',1906,1967),
	 ('nm0000080','Orson Welles',1915,1985),
	 ('nm0000092','John Cleese',1939,NULL),
	 ('nm0000093','Brad Pitt',1963,NULL),
	 ('nm0000098','Jennifer Aniston',1969,NULL),
	 ('nm0000107','Kim Basinger',1953,NULL),
	 ('nm0000108','Luc Besson',1959,NULL),
	 ('nm0000116','James Cameron',1954,NULL),
	 ('nm0000118','John Carpenter',1948,NULL),
	 ('nm0000120','Jim Carrey',1962,NULL);
INSERT INTO imdb.actors (imdb_id,name,birthYear,deathYear) VALUES
	 ('nm0000122','Charles Chaplin',1889,1977),
	 ('nm0000124','Jennifer Connelly',1970,NULL),
	 ('nm0000125','Sean Connery',1930,2020),
	 ('nm0000126','Kevin Costner',1955,NULL),
	 ('nm0000128','Russell Crowe',1964,NULL),
	 ('nm0000129','Tom Cruise',1962,NULL),
	 ('nm0000134','Robert De Niro',1943,NULL),
	 ('nm0000136','Johnny Depp',1963,NULL),
	 ('nm0000138','Leonardo DiCaprio',1974,NULL),
	 ('nm0000140','Michael Douglas',1944,NULL);
INSERT INTO imdb.actors (imdb_id,name,birthYear,deathYear) VALUES
	 ('nm0000142','Clint Eastwood',1930,NULL),
	 ('nm0000146','Ralph Fiennes',1962,NULL),
	 ('nm0000147','Colin Firth',1960,NULL),
	 ('nm0000148','Harrison Ford',1942,NULL),
	 ('nm0000149','Jodie Foster',1962,NULL),
	 ('nm0000150','Michael J. Fox',1961,NULL),
	 ('nm0000151','Morgan Freeman',1937,NULL),
	 ('nm0000152','Richard Gere',1949,NULL),
	 ('nm0000154','Mel Gibson',1956,NULL),
	 ('nm0000156','Jeff Goldblum',1952,NULL);
INSERT INTO imdb.actors (imdb_id,name,birthYear,deathYear) VALUES
	 ('nm0000157','Linda Hamilton',1956,NULL),
	 ('nm0000158','Tom Hanks',1956,NULL),
	 ('nm0000160','Ethan Hawke',1970,NULL),
	 ('nm0000164','Anthony Hopkins',1937,NULL),
	 ('nm0000165','Ron Howard',1954,NULL),
	 ('nm0000168','Samuel L. Jackson',1948,NULL),
	 ('nm0000172','Harvey Keitel',1939,NULL),
	 ('nm0000174','Val Kilmer',1959,NULL),
	 ('nm0000175','Stephen King',1947,NULL),
	 ('nm0000180','David Lean',1908,1991);
INSERT INTO imdb.actors (imdb_id,name,birthYear,deathYear) VALUES
	 ('nm0000184','George Lucas',1944,NULL),
	 ('nm0000186','David Lynch',1946,NULL),
	 ('nm0000190','Matthew McConaughey',1969,NULL),
	 ('nm0000191','Ewan McGregor',1971,NULL),
	 ('nm0000195','Bill Murray',1950,NULL),
	 ('nm0000197','Jack Nicholson',1937,NULL),
	 ('nm0000198','Gary Oldman',1958,NULL),
	 ('nm0000199','Al Pacino',1940,NULL),
	 ('nm0000201','Michelle Pfeiffer',1958,NULL),
	 ('nm0000203','River Phoenix',1970,1993);
INSERT INTO imdb.actors (imdb_id,name,birthYear,deathYear) VALUES
	 ('nm0000204','Natalie Portman',1981,NULL),
	 ('nm0000209','Tim Robbins',1958,NULL),
	 ('nm0000216','Arnold Schwarzenegger',1947,NULL),
	 ('nm0000217','Martin Scorsese',1942,NULL),
	 ('nm0000221','Charlie Sheen',1965,NULL),
	 ('nm0000228','Kevin Spacey',1959,NULL),
	 ('nm0000229','Steven Spielberg',1946,NULL),
	 ('nm0000230','Sylvester Stallone',1946,NULL),
	 ('nm0000231','Oliver Stone',1946,NULL),
	 ('nm0000232','Sharon Stone',1958,NULL);
INSERT INTO imdb.actors (imdb_id,name,birthYear,deathYear) VALUES
	 ('nm0000233','Quentin Tarantino',1963,NULL),
	 ('nm0000234','Charlize Theron',1975,NULL),
	 ('nm0000235','Uma Thurman',1970,NULL),
	 ('nm0000237','John Travolta',1954,NULL),
	 ('nm0000242','Mark Wahlberg',1971,NULL),
	 ('nm0000244','Sigourney Weaver',1949,NULL),
	 ('nm0000245','Robin Williams',1951,2014),
	 ('nm0000246','Bruce Willis',1955,NULL),
	 ('nm0000249','James Woods',1947,NULL),
	 ('nm0000255','Ben Affleck',1972,NULL);
INSERT INTO imdb.actors (imdb_id,name,birthYear,deathYear) VALUES
	 ('nm0000260','Joan Allen',1956,NULL),
	 ('nm0000261','Karen Allen',1951,NULL),
	 ('nm0000264','Pedro Almodóvar',1949,NULL),
	 ('nm0000267','Julie Andrews',1935,NULL),
	 ('nm0000277','Richard Attenborough',1923,2014),
	 ('nm0000284','Adam Baldwin',1962,NULL),
	 ('nm0000286','Stephen Baldwin',1966,NULL),
	 ('nm0000288','Christian Bale',1974,NULL),
	 ('nm0000290','John Barry',1933,2011),
	 ('nm0000293','Sean Bean',1959,NULL);
INSERT INTO imdb.actors (imdb_id,name,birthYear,deathYear) VALUES
	 ('nm0000297','Tom Berenger',1949,NULL),
	 ('nm0000299','Michael Biehn',1956,NULL),
	 ('nm0000301','Thora Birch',1982,NULL),
	 ('nm0000304','Linda Blair',1959,NULL),
	 ('nm0000314','Charles Bronson',1921,2003),
	 ('nm0000321','Gabriel Byrne',1950,NULL),
	 ('nm0000323','Michael Caine',1933,NULL),
	 ('nm0000332','Don Cheadle',1964,NULL),
	 ('nm0000338','Francis Ford Coppola',1939,NULL),
	 ('nm0000341','Michael Crichton',1942,2008);
INSERT INTO imdb.actors (imdb_id,name,birthYear,deathYear) VALUES
	 ('nm0000348','Tony Curtis',1925,2010),
	 ('nm0000349','Joan Cusack',1962,NULL),
	 ('nm0000350','Beverly D''Angelo',1951,NULL),
	 ('nm0000352','Vincent D''Onofrio',1959,NULL),
	 ('nm0000353','Willem Dafoe',1955,NULL),
	 ('nm0000354','Matt Damon',1970,NULL),
	 ('nm0000358','Daniel Day-Lewis',1957,NULL),
	 ('nm0000361','Brian De Palma',1940,NULL),
	 ('nm0000365','Julie Delpy',1969,NULL),
	 ('nm0000368','Laura Dern',1967,NULL);
INSERT INTO imdb.actors (imdb_id,name,birthYear,deathYear) VALUES
	 ('nm0000377','Richard Dreyfuss',1947,NULL),
	 ('nm0000380','Robert Duvall',1931,NULL),
	 ('nm0000384','Danny Elfman',1953,NULL),
	 ('nm0000388','R. Lee Ermey',1944,2018),
	 ('nm0000397','Corey Feldman',1971,NULL),
	 ('nm0000398','Sally Field',1946,NULL),
	 ('nm0000399','David Fincher',1962,NULL),
	 ('nm0000402','Carrie Fisher',1956,2016),
	 ('nm0000406','John Ford',1894,1973),
	 ('nm0000411','Edward Furlong',1977,NULL);
INSERT INTO imdb.actors (imdb_id,name,birthYear,deathYear) VALUES
	 ('nm0000416','Terry Gilliam',1940,NULL),
	 ('nm0000417','Crispin Glover',1964,NULL),
	 ('nm0000432','Gene Hackman',1930,NULL),
	 ('nm0000434','Mark Hamill',1951,NULL),
	 ('nm0000435','Daryl Hannah',1960,NULL),
	 ('nm0000436','Curtis Hanson',1945,2016),
	 ('nm0000437','Woody Harrelson',1961,NULL),
	 ('nm0000438','Ed Harris',1950,NULL),
	 ('nm0000439','Neil Patrick Harris',1973,NULL),
	 ('nm0000442','Rutger Hauer',1944,2019);
INSERT INTO imdb.actors (imdb_id,name,birthYear,deathYear) VALUES
	 ('nm0000450','Philip Seymour Hoffman',1967,2014),
	 ('nm0000456','Holly Hunter',1958,NULL),
	 ('nm0000457','John Hurt',1940,2017),
	 ('nm0000466','Jean-Pierre Jeunet',1953,NULL),
	 ('nm0000473','Diane Keaton',1946,NULL),
	 ('nm0000474','Michael Keaton',1951,NULL),
	 ('nm0000485','Fritz Lang',1890,1976),
	 ('nm0000493','Jack Lemmon',1925,2001),
	 ('nm0000494','Robert Sean Leonard',1969,NULL),
	 ('nm0000497','Jennifer Lien',1974,NULL);
INSERT INTO imdb.actors (imdb_id,name,birthYear,deathYear) VALUES
	 ('nm0000500','Richard Linklater',1960,NULL),
	 ('nm0000501','Ray Liotta',1954,2022),
	 ('nm0000502','Christopher Lloyd',1938,NULL),
	 ('nm0000510','Andie MacDowell',1958,NULL),
	 ('nm0000511','Shirley MacLaine',1934,NULL),
	 ('nm0000514','Michael Madsen',1957,NULL),
	 ('nm0000520','Michael Mann',1943,NULL),
	 ('nm0000521','Sophie Marceau',1966,NULL),
	 ('nm0000531','Frances McDormand',1957,NULL),
	 ('nm0000532','Malcolm McDowell',1943,NULL);
INSERT INTO imdb.actors (imdb_id,name,birthYear,deathYear) VALUES
	 ('nm0000537','Steve McQueen',1930,1980),
	 ('nm0000546','Matthew Modine',1959,NULL),
	 ('nm0000553','Liam Neeson',1952,NULL),
	 ('nm0000554','Sam Neill',1947,NULL),
	 ('nm0000560','Nick Nolte',1941,NULL),
	 ('nm0000564','Peter O''Toole',1932,2013),
	 ('nm0000576','Sean Penn',1960,NULL),
	 ('nm0000578','Anthony Perkins',1932,1992),
	 ('nm0000581','Joseph L. Mankiewicz',1909,1993),
	 ('nm0000582','Joe Pesci',1943,NULL);
INSERT INTO imdb.actors (imdb_id,name,birthYear,deathYear) VALUES
	 ('nm0000583','Wolfgang Petersen',1941,NULL),
	 ('nm0000591','Roman Polanski',1933,NULL),
	 ('nm0000592','Pete Postlethwaite',1946,2011),
	 ('nm0000601','Harold Ramis',1944,2014),
	 ('nm0000602','Robert Redford',1936,NULL),
	 ('nm0000606','Jean Reno',1948,NULL),
	 ('nm0000614','Alan Rickman',1946,2016),
	 ('nm0000619','Tim Roth',1961,NULL),
	 ('nm0000621','Kurt Russell',1951,NULL),
	 ('nm0000630','Liev Schreiber',1967,NULL);
INSERT INTO imdb.actors (imdb_id,name,birthYear,deathYear) VALUES
	 ('nm0000631','Ridley Scott',1937,NULL),
	 ('nm0000634','Peter Sellers',1925,1980),
	 ('nm0000636','William Shakespeare',1564,1616),
	 ('nm0000640','Martin Sheen',1940,NULL),
	 ('nm0000641','Gary Sinise',1955,NULL),
	 ('nm0000643','Tom Skerritt',1933,NULL),
	 ('nm0000670','Lea Thompson',1961,NULL),
	 ('nm0000681','Vince Vaughn',1970,NULL),
	 ('nm0000683','Gore Vidal',1925,2012),
	 ('nm0000685','Jon Voight',1938,NULL);
INSERT INTO imdb.actors (imdb_id,name,birthYear,deathYear) VALUES
	 ('nm0000686','Christopher Walken',1943,NULL),
	 ('nm0000696','Wil Wheaton',1972,NULL),
	 ('nm0000697','Billy Wilder',1906,2002),
	 ('nm0000701','Kate Winslet',1975,NULL),
	 ('nm0000702','Reese Witherspoon',1976,NULL),
	 ('nm0000704','Elijah Wood',1981,NULL),
	 ('nm0000705','Robin Wright',1966,NULL),
	 ('nm0000707','Sean Young',1959,NULL),
	 ('nm0000709','Robert Zemeckis',1951,NULL),
	 ('nm0000719','F. Murray Abraham',1939,NULL);
INSERT INTO imdb.actors (imdb_id,name,birthYear,deathYear) VALUES
	 ('nm0000732','Danny Aiello',1933,2019),
	 ('nm0000741','Tim Allen',1953,NULL),
	 ('nm0000752','Judith Anderson',1897,1992),
	 ('nm0000759','Paul Thomas Anderson',1970,NULL),
	 ('nm0000761','Bibi Andersson',1935,2019),
	 ('nm0000763','Dana Andrews',1909,1992),
	 ('nm0000783','Dario Argento',1940,NULL),
	 ('nm0000795','Jean Arthur',1900,1991),
	 ('nm0000812','Roger Avary',1965,NULL),
	 ('nm0000814','John G. Avildsen',1935,2017);
INSERT INTO imdb.actors (imdb_id,name,birthYear,deathYear) VALUES
	 ('nm0000841','Michael Ballhaus',1935,2017),
	 ('nm0000842','Martin Balsam',1919,1996),
	 ('nm0000843','Anne Bancroft',1931,2005),
	 ('nm0000859','Lionel Barrymore',1878,1954),
	 ('nm0000874','Steven Bauer',1956,NULL),
	 ('nm0000879','Anne Baxter',1923,1985),
	 ('nm0000885','Ned Beatty',1937,2021),
	 ('nm0000889','Bonnie Bedelia',1948,NULL),
	 ('nm0000895','Barbara Bel Geddes',1922,2005),
	 ('nm0000905','Roberto Benigni',1952,NULL);
INSERT INTO imdb.actors (imdb_id,name,birthYear,deathYear) VALUES
	 ('nm0000906','Annette Bening',1958,NULL),
	 ('nm0000912','Jack Benny',1894,1974),
	 ('nm0000930','Elmer Bernstein',1922,2004),
	 ('nm0000931','Elizabeth Berridge',1962,NULL),
	 ('nm0000934','Bernardo Bertolucci',1941,2018),
	 ('nm0000963','Stephen Boyd',1931,1977),
	 ('nm0000965','Danny Boyle',1956,NULL),
	 ('nm0000966','Lorraine Bracco',1954,NULL),
	 ('nm0000971','Nicoletta Braschi',1960,NULL),
	 ('nm0000979','Wilford Brimley',1934,2020);
INSERT INTO imdb.actors (imdb_id,name,birthYear,deathYear) VALUES
	 ('nm0000983','Albert Brooks',1947,NULL),
	 ('nm0000988','Jerry Bruckheimer',1943,NULL),
	 ('nm0000995','Ellen Burstyn',1932,NULL),
	 ('nm0001001','James Caan',1940,NULL),
	 ('nm0001008','Frank Capra',1897,1991),
	 ('nm0001012','Claudia Cardinale',1938,NULL),
	 ('nm0001016','David Carradine',1936,2009),
	 ('nm0001017','John Carradine',1906,1988),
	 ('nm0001021','Veronica Cartwright',1949,NULL),
	 ('nm0001030','John Cazale',1935,1978);
INSERT INTO imdb.actors (imdb_id,name,birthYear,deathYear) VALUES
	 ('nm0001037','Graham Chapman',1941,1989),
	 ('nm0001038','Josh Charles',1971,NULL),
	 ('nm0001047','Michael Cimino',1939,2016),
	 ('nm0001050','Montgomery Clift',1920,1966),
	 ('nm0001055','Claudette Colbert',1903,1996),
	 ('nm0001057','Toni Collette',1972,NULL),
	 ('nm0001060','Chris Columbus',1958,NULL),
	 ('nm0001065','Harry Connick Jr.',1967,NULL),
	 ('nm0001067','Jackie Coogan',1914,1984),
	 ('nm0001072','Joseph Cotten',1905,1994);
INSERT INTO imdb.actors (imdb_id,name,birthYear,deathYear) VALUES
	 ('nm0001079','Scatman Crothers',1910,1986),
	 ('nm0001082','Billy Crudup',1968,NULL),
	 ('nm0001104','Frank Darabont',1959,NULL),
	 ('nm0001120','Vittorio De Sica',1901,1974),
	 ('nm0001129','Jonathan Demme',1944,2017),
	 ('nm0001140','Philip K. Dick',1928,1982),
	 ('nm0001158','Keir Dullea',1936,NULL),
	 ('nm0001159','Faye Dunaway',1941,NULL),
	 ('nm0001164','Charles Durning',1923,2012),
	 ('nm0001167','Shelley Duvall',1949,NULL);
INSERT INTO imdb.actors (imdb_id,name,birthYear,deathYear) VALUES
	 ('nm0001173','Aaron Eckhart',1968,NULL),
	 ('nm0001186','Denholm Elliott',1922,1992),
	 ('nm0001187','Noah Emmerich',1965,NULL),
	 ('nm0001189','Gabriel Yared',1949,NULL),
	 ('nm0001221','Louise Fletcher',1934,NULL),
	 ('nm0001232','Milos Forman',1932,2018),
	 ('nm0001243','William Friedkin',1935,NULL),
	 ('nm0001258','James Garner',1928,2014),
	 ('nm0001260','John Gavin',1931,2018),
	 ('nm0001291','Rupert Graves',1963,NULL);
INSERT INTO imdb.actors (imdb_id,name,birthYear,deathYear) VALUES
	 ('nm0001294','Graham Greene',1904,1991),
	 ('nm0001295','Graham Greene',1952,NULL),
	 ('nm0001315','Marcia Gay Harden',1959,NULL),
	 ('nm0001321','Richard Harris',1930,2002),
	 ('nm0001328','Howard Hawks',1896,1977),
	 ('nm0001330','Sterling Hayden',1916,1986),
	 ('nm0001338','Brian Helgeland',1961,NULL),
	 ('nm0001343','Carrie Henn',1976,NULL),
	 ('nm0001351','George Roy Hill',1921,2002),
	 ('nm0001353','Walter Hill',1942,NULL);
INSERT INTO imdb.actors (imdb_id,name,birthYear,deathYear) VALUES
	 ('nm0001354','Ciarán Hinds',1953,NULL),
	 ('nm0001371','Tom Hulce',1953,NULL),
	 ('nm0001372','Bonnie Hunt',1961,NULL),
	 ('nm0001379','John Huston',1906,1987),
	 ('nm0001385','Eric Idle',1943,NULL),
	 ('nm0001392','Peter Jackson',1961,NULL),
	 ('nm0001402','Terry Jones',1942,2020),
	 ('nm0001410','Lawrence Kasdan',1949,NULL),
	 ('nm0001415','Elia Kazan',1909,2003),
	 ('nm0001416','Catherine Keener',1959,NULL);
INSERT INTO imdb.actors (imdb_id,name,birthYear,deathYear) VALUES
	 ('nm0001421','George Kennedy',1925,2016),
	 ('nm0001426','Ben Kingsley',1943,NULL),
	 ('nm0001452','Charles Laughton',1899,1962),
	 ('nm0001463','Janet Leigh',1927,2004),
	 ('nm0001466','Sergio Leone',1929,1989),
	 ('nm0001467','Jared Leto',1971,NULL),
	 ('nm0001473','Laura Linney',1964,NULL),
	 ('nm0001479','Carole Lombard',1908,1942),
	 ('nm0001485','Myrna Loy',1905,1993),
	 ('nm0001486','Sidney Lumet',1924,2011);
INSERT INTO imdb.actors (imdb_id,name,birthYear,deathYear) VALUES
	 ('nm0001500','Karl Malden',1912,2009),
	 ('nm0001510','Strother Martin',1919,1980),
	 ('nm0001512','Mary Elizabeth Mastrantonio',1958,NULL),
	 ('nm0001521','Mary McDonnell',1952,NULL),
	 ('nm0001526','Patrick McGoohan',1928,2009),
	 ('nm0001527','Elizabeth McGovern',1961,NULL),
	 ('nm0001532','John McTiernan',1951,NULL),
	 ('nm0001533','Meat Loaf',1947,2022),
	 ('nm0001536','Toshirô Mifune',1920,1997),
	 ('nm0001537','Ray Milland',1907,1986);
INSERT INTO imdb.actors (imdb_id,name,birthYear,deathYear) VALUES
	 ('nm0001538','Jonny Lee Miller',1972,NULL),
	 ('nm0001547','Agnes Moorehead',1900,1974),
	 ('nm0001550','Cathy Moriarty',1960,NULL),
	 ('nm0001553','Ennio Morricone',1928,2020),
	 ('nm0001556','David Morse',1953,NULL),
	 ('nm0001557','Viggo Mortensen',1958,NULL),
	 ('nm0001567','Connie Nielsen',1965,NULL),
	 ('nm0001570','Edward Norton',1969,NULL),
	 ('nm0001571','Kim Novak',1933,NULL),
	 ('nm0001579','Edward James Olmos',1947,NULL);
INSERT INTO imdb.actors (imdb_id,name,birthYear,deathYear) VALUES
	 ('nm0001587','Alan J. Pakula',1928,1998),
	 ('nm0001589','Michael Palin',1943,NULL),
	 ('nm0001590','Chazz Palminteri',1952,NULL),
	 ('nm0001592','Joe Pantoliano',1951,NULL),
	 ('nm0001598','Robert Patrick',1958,NULL),
	 ('nm0001602','Guy Pearce',1967,NULL),
	 ('nm0001606','Chris Penn',1965,2006),
	 ('nm0001618','Joaquin Phoenix',1974,NULL),
	 ('nm0001626','Christopher Plummer',1929,2021),
	 ('nm0001638','Jürgen Prochnow',1941,NULL);
INSERT INTO imdb.actors (imdb_id,name,birthYear,deathYear) VALUES
	 ('nm0001647','Claude Rains',1889,1967),
	 ('nm0001653','Stephen Rea',1946,NULL),
	 ('nm0001656','Donna Reed',1921,1986),
	 ('nm0001657','Oliver Reed',1938,1999),
	 ('nm0001661','Rob Reiner',1947,NULL),
	 ('nm0001663','Paul Reiser',1956,NULL),
	 ('nm0001673','Jason Robards',1922,2000),
	 ('nm0001691','Geoffrey Rush',1951,NULL),
	 ('nm0001693','Eva Marie Saint',1924,NULL),
	 ('nm0001695','George Sanders',1906,1972);
INSERT INTO imdb.actors (imdb_id,name,birthYear,deathYear) VALUES
	 ('nm0001698','John Savage',1949,NULL),
	 ('nm0001702','Roy Scheider',1932,2008),
	 ('nm0001707','Paul Schrader',1946,NULL),
	 ('nm0001715','George C. Scott',1927,1999),
	 ('nm0001727','Robert Shaw',1927,1978),
	 ('nm0001732','Cybill Shepherd',1950,NULL),
	 ('nm0001735','Talia Shire',1946,NULL),
	 ('nm0001741','Bryan Singer',1965,NULL),
	 ('nm0001744','Tom Sizemore',1961,NULL),
	 ('nm0001745','Stellan Skarsgård',1951,NULL);
INSERT INTO imdb.actors (imdb_id,name,birthYear,deathYear) VALUES
	 ('nm0001766','Barbara Stanwyck',1907,1990),
	 ('nm0001768','Rod Steiger',1925,2002),
	 ('nm0001772','Patrick Stewart',1940,NULL),
	 ('nm0001799','John Toll',1952,NULL),
	 ('nm0001801','Robert Towne',1934,NULL),
	 ('nm0001812','Lee Van Cleef',1925,1989),
	 ('nm0001814','Gus Van Sant',1952,NULL),
	 ('nm0001815','Jim Varney',1949,2000),
	 ('nm0001817','Reginald VelJohnson',1952,NULL),
	 ('nm0001825','Andrew Kevin Walker',1964,NULL);
INSERT INTO imdb.actors (imdb_id,name,birthYear,deathYear) VALUES
	 ('nm0001827','Ray Walston',1914,2001),
	 ('nm0001835','Carl Weathers',1948,NULL),
	 ('nm0001837','Peter Weir',1944,NULL),
	 ('nm0001847','Richard Widmark',1914,2008),
	 ('nm0001850','Billy Dee Williams',1937,NULL),
	 ('nm0001852','Treat Williams',1951,NULL),
	 ('nm0001873','Steven Zaillian',1953,NULL),
	 ('nm0001877','Hans Zimmer',1957,NULL),
	 ('nm0001884','Max von Sydow',1929,2020),
	 ('nm0001897','John M. Davis',NULL,NULL);
INSERT INTO imdb.actors (imdb_id,name,birthYear,deathYear) VALUES
	 ('nm0001940','Peter Benchley',1940,2006),
	 ('nm0001943','Marisa Berenson',1947,NULL),
	 ('nm0001971','Ewen Bremner',1972,NULL),
	 ('nm0001980','Carter Burwell',1954,NULL),
	 ('nm0001993','Vincent Cassel',1966,NULL),
	 ('nm0002005','Agatha Christie',1890,1976),
	 ('nm0002009','Arthur C. Clarke',1917,2008),
	 ('nm0002011','Lee J. Cobb',1911,1976),
	 ('nm0002031','Michael Curtiz',1886,1962),
	 ('nm0002034','Jane Darwell',1879,1967);
INSERT INTO imdb.actors (imdb_id,name,birthYear,deathYear) VALUES
	 ('nm0002075','Peter Finch',1916,1977),
	 ('nm0002076','Jason Flemyng',1966,NULL),
	 ('nm0002077','Dexter Fletcher',1966,NULL),
	 ('nm0002078','Frederic Forrest',1936,NULL),
	 ('nm0002091','Michael Gambon',1940,NULL),
	 ('nm0002104','Paulette Goddard',1910,1990),
	 ('nm0002110','Rodney A. Grant',1959,NULL),
	 ('nm0002120','Lasse Hallström',1946,NULL),
	 ('nm0002134','Paul Henreid',1908,1992),
	 ('nm0002136','Bernard Herrmann',1911,1975);
INSERT INTO imdb.actors (imdb_id,name,birthYear,deathYear) VALUES
	 ('nm0002141','Celeste Holm',1917,2012),
	 ('nm0002144','John Houseman',1902,1988),
	 ('nm0002145','Trevor Howard',1913,1988),
	 ('nm0002154','Alfred Abel',1879,1937),
	 ('nm0002166','John A. Alonzo',1934,2001),
	 ('nm0002185','Malcolm Arnold',1921,2006),
	 ('nm0002231','Gian Maria Volontè',1933,1994),
	 ('nm0002233','Erich von Stroheim',1885,1957),
	 ('nm0002303','Trevor Jones',1949,NULL),
	 ('nm0002336','Declan Quinn',1957,NULL);
INSERT INTO imdb.actors (imdb_id,name,birthYear,deathYear) VALUES
	 ('nm0002353','Thomas Newman',1955,NULL),
	 ('nm0002354','John Williams',1932,NULL),
	 ('nm0002369','John Williams',1903,1983),
	 ('nm0002728','Juan José Campanella',1959,NULL),
	 ('nm0002875','Freddie Young',1902,1998),
	 ('nm0002892','Wally Pfister',1961,NULL),
	 ('nm0003160','Christopher McQuarrie',1968,NULL),
	 ('nm0003424','Hank Mann',1887,1971),
	 ('nm0003433','Carl Theodor Dreyer',1889,1968),
	 ('nm0003506','James Mangold',1963,NULL);
INSERT INTO imdb.actors (imdb_id,name,birthYear,deathYear) VALUES
	 ('nm0003574','Maurice Jarre',1924,2009),
	 ('nm0003607','Nicola Piovani',1946,NULL),
	 ('nm0003697','Florian Henckel von Donnersmarck',1973,NULL),
	 ('nm0003817','Michael Clarke Duncan',1957,2012),
	 ('nm0004056','Andrew Stanton',1965,NULL),
	 ('nm0004122','Robert Bolt',1924,1995),
	 ('nm0004170','Bob Kane',1915,1998),
	 ('nm0004229','Adam Greenberg',1937,NULL),
	 ('nm0004266','Anne Hathaway',1982,NULL),
	 ('nm0004306','George Miller',1945,NULL);
INSERT INTO imdb.actors (imdb_id,name,birthYear,deathYear) VALUES
	 ('nm0004384','Wojciech Kilar',1932,2013),
	 ('nm0004423','Gerry Robert Byrne',NULL,NULL),
	 ('nm0004486','Bruno Ganz',1941,2019),
	 ('nm0004637','Harry Keramidas',1940,NULL),
	 ('nm0004716','Darren Aronofsky',1969,NULL),
	 ('nm0004744','Lawrence Bender',1957,NULL),
	 ('nm0004747','Wes Bentley',1978,NULL),
	 ('nm0004778','Adrien Brody',1973,NULL),
	 ('nm0004802','Linda Cardellini',1975,NULL),
	 ('nm0004874','Vin Diesel',1967,NULL);
INSERT INTO imdb.actors (imdb_id,name,birthYear,deathYear) VALUES
	 ('nm0004937','Jamie Foxx',1967,NULL),
	 ('nm0004976','Brian Grazer',1951,NULL),
	 ('nm0005036','Gale Anne Hurd',1955,NULL),
	 ('nm0005068','Vinnie Jones',1965,NULL),
	 ('nm0005086','Kathleen Kennedy',1953,NULL),
	 ('nm0005124','John Lasseter',1957,NULL),
	 ('nm0005132','Heath Ledger',1979,2008),
	 ('nm0005134','Jason Lee',1970,NULL),
	 ('nm0005171','Angus Macfadyen',1963,NULL),
	 ('nm0005197','Des McAnuff',1952,NULL);
INSERT INTO imdb.actors (imdb_id,name,birthYear,deathYear) VALUES
	 ('nm0005212','Ian McKellen',1939,NULL),
	 ('nm0005219','Mike Medavoy',1941,NULL),
	 ('nm0005222','Sam Mendes',1965,NULL),
	 ('nm0005251','Carrie-Anne Moss',1967,NULL),
	 ('nm0005266','Craig T. Nelson',1944,NULL),
	 ('nm0005271','Randy Newman',1943,NULL),
	 ('nm0005278','Jerry O''Connell',1974,NULL),
	 ('nm0005286','Haley Joel Osment',1988,NULL),
	 ('nm0005363','Guy Ritchie',1968,NULL),
	 ('nm0005377','Sam Rockwell',1968,NULL);
INSERT INTO imdb.actors (imdb_id,name,birthYear,deathYear) VALUES
	 ('nm0005428','Joel Silver',1952,NULL),
	 ('nm0005458','Jason Statham',1967,NULL),
	 ('nm0005476','Hilary Swank',1974,NULL),
	 ('nm0005494','Steve Tisch',1949,NULL),
	 ('nm0005541','Marlon Wayans',1972,NULL),
	 ('nm0005563','Irwin Winkler',1931,NULL),
	 ('nm0005573','Richard D. Zanuck',1934,2012),
	 ('nm0005633','John Alcott',1930,1986),
	 ('nm0005636','Thierry Arbogast',1957,NULL),
	 ('nm0005678','Dean Cundey',1946,NULL);
INSERT INTO imdb.actors (imdb_id,name,birthYear,deathYear) VALUES
	 ('nm0005683','Roger Deakins',1949,NULL),
	 ('nm0005684','Henri Decaë',1915,1987),
	 ('nm0005686','Tonino Delli Colli',1922,2005),
	 ('nm0005696','Robert Elswit',1950,NULL),
	 ('nm0005701','Daniel L. Fapp',1904,1986),
	 ('nm0005705','Gunnar Fischer',1910,2011),
	 ('nm0005714','Tak Fujimoto',1939,NULL),
	 ('nm0005721','Blasco Giurato',1941,NULL),
	 ('nm0005726','Jack N. Green',1946,NULL),
	 ('nm0005734','Conrad L. Hall',1926,2003);
INSERT INTO imdb.actors (imdb_id,name,birthYear,deathYear) VALUES
	 ('nm0005737','Russell Harlan',1903,1974),
	 ('nm0005761','Robert Krasker',1913,1981),
	 ('nm0005762','Milton R. Krasner',1904,1988),
	 ('nm0005766','Joseph LaShelle',1900,1989),
	 ('nm0005768','Ernest Laszlo',1898,1984),
	 ('nm0005789','Rudolph Maté',1898,1964),
	 ('nm0005792','Ted D. McCord',1900,1976),
	 ('nm0005801','Douglas Milsome',1939,NULL),
	 ('nm0005806','Ira H. Morgan',1889,1959),
	 ('nm0005815','Sven Nykvist',1922,2006);
INSERT INTO imdb.actors (imdb_id,name,birthYear,deathYear) VALUES
	 ('nm0005816','Miroslav Ondrícek',1934,2015),
	 ('nm0005845','Owen Roizman',1936,NULL),
	 ('nm0005852','John L. Russell',1905,1967),
	 ('nm0005870','John F. Seitz',1892,1979),
	 ('nm0005871','Dean Semler',1943,NULL),
	 ('nm0005875','Newton Thomas Sigel',1955,NULL),
	 ('nm0005883','Dante Spinotti',1943,NULL),
	 ('nm0005892','Robert Surtees',1906,1985),
	 ('nm0005897','David Tattersall',1960,NULL),
	 ('nm0005901','Armand Thirard',1899,1973);
INSERT INTO imdb.actors (imdb_id,name,birthYear,deathYear) VALUES
	 ('nm0005904','Gregg Toland',1904,1948),
	 ('nm0005906','Roland Totheroh',1890,1967),
	 ('nm0005909','Brian Tufano',1939,NULL),
	 ('nm0005910','Geoffrey Unsworth',1914,1978),
	 ('nm0005911','Jost Vacano',1934,NULL),
	 ('nm0005922','Fritz Arno Wagner',1894,1958),
	 ('nm0005952','Georges Auric',1899,1983),
	 ('nm0006015','Bill Conti',1942,NULL),
	 ('nm0006035','Alexandre Desplat',1961,NULL),
	 ('nm0006037','Adolph Deutsch',1897,1980);
INSERT INTO imdb.actors (imdb_id,name,birthYear,deathYear) VALUES
	 ('nm0006041','Klaus Doldinger',1936,NULL),
	 ('nm0006050','Anne Dudley',1956,NULL),
	 ('nm0006070','George Fenton',1949,NULL),
	 ('nm0006075','Brad Fiedel',1951,NULL),
	 ('nm0006086','Gerald Fried',1928,NULL),
	 ('nm0006087','Hugo Friedhofer',1901,1981),
	 ('nm0006104','Ernest Gold',1921,1999),
	 ('nm0006106','Elliot Goldenthal',1954,NULL),
	 ('nm0006128','Werner R. Heymann',1896,1961),
	 ('nm0006132','Kenyon Hopkins',1912,1983);
INSERT INTO imdb.actors (imdb_id,name,birthYear,deathYear) VALUES
	 ('nm0006133','James Newton Howard',1951,NULL),
	 ('nm0006142','Mark Isham',1951,NULL),
	 ('nm0006145','Laurie Johnson',1927,NULL),
	 ('nm0006215','Lennie Niehaus',1929,2020),
	 ('nm0006217','Jack Nitzsche',1937,2000),
	 ('nm0006249','Satyajit Ray',1921,1992),
	 ('nm0006277','Lalo Schifrin',1932,NULL),
	 ('nm0006290','Howard Shore',1946,NULL),
	 ('nm0006293','Alan Silvestri',1950,NULL),
	 ('nm0006316','Tôru Takemitsu',1930,1996);
INSERT INTO imdb.actors (imdb_id,name,birthYear,deathYear) VALUES
	 ('nm0006323','Dimitri Tiomkin',1894,1979),
	 ('nm0006331','Vangelis',1943,2022),
	 ('nm0006452','Stanley Kramer',1913,2001),
	 ('nm0006471','Elsa Lanchester',1902,1986),
	 ('nm0006487','Jim Sheridan',1949,NULL),
	 ('nm0006498','Majid Majidi',1959,NULL),
	 ('nm0006509','Rodrigo Prieto',1965,NULL),
	 ('nm0006669','William Sadler',1950,NULL),
	 ('nm0006765','Vidhu Vinod Chopra',NULL,NULL),
	 ('nm0006872','Sergio Donati',1933,NULL);
INSERT INTO imdb.actors (imdb_id,name,birthYear,deathYear) VALUES
	 ('nm0007037','John Bailey',1942,NULL),
	 ('nm0007156','Ortwin Freyermuth',NULL,NULL),
	 ('nm0007646','Frank Abagnale Jr.',1948,NULL),
	 ('nm0007831','Allison Abbate',1965,NULL),
	 ('nm0010471','Sandra Adair',1952,NULL),
	 ('nm0010553','Ken Adam',1921,2016),
	 ('nm0010696','Ales Adamovich',1927,1994),
	 ('nm0011343','Samuel Hopkins Adams',1871,1958),
	 ('nm0015611','Ryûnosuke Akutagawa',1892,1927),
	 ('nm0016603','Trevor Albert',NULL,NULL);
INSERT INTO imdb.actors (imdb_id,name,birthYear,deathYear) VALUES
	 ('nm0019706','Joan Alison',1901,1992),
	 ('nm0021948','Agustín Almodóvar',NULL,NULL),
	 ('nm0022821','Elena Altieri',1910,1997),
	 ('nm0023832','Mathieu Amalric',1965,NULL),
	 ('nm0026565','Darla K. Anderson',1968,NULL),
	 ('nm0027173','Maxwell Anderson',1888,1959),
	 ('nm0027572','Wes Anderson',1969,NULL),
	 ('nm0033490','Franco Arcalli',1929,1978),
	 ('nm0033658','Ernest Archer',1910,1990),
	 ('nm0036427','Edward Arnold',1890,1956);
INSERT INTO imdb.actors (imdb_id,name,birthYear,deathYear) VALUES
	 ('nm0037247','Guillermo Arriaga',1958,NULL),
	 ('nm0037539','Vladimir Arsenev',1872,1930),
	 ('nm0040916','Yûharu Atsuta',1905,1993),
	 ('nm0041066','Antonella Attili',1963,NULL),
	 ('nm0041447','Kim Aubry',NULL,NULL),
	 ('nm0042317','Albert Austin',1882,1953),
	 ('nm0044073','Lubna Azabal',1973,NULL),
	 ('nm0044545','Pierre Aïm',1959,NULL),
	 ('nm0046575','Vladas Bagdonas',1949,NULL),
	 ('nm0047800','Beulah Bains',1905,1930);
INSERT INTO imdb.actors (imdb_id,name,birthYear,deathYear) VALUES
	 ('nm0047962','Chieko Baishô',1941,NULL),
	 ('nm0048798','Nellie Bly Baker',1893,1984),
	 ('nm0050332','Alan Ball',1957,NULL),
	 ('nm0051509','Eric Bana',1968,NULL),
	 ('nm0051808','Bibhutibhushan Bandyopadhyay',1894,1950),
	 ('nm0052333','Kanu Bannerjee',1905,1983),
	 ('nm0052334','Karuna Bannerjee',1919,2001),
	 ('nm0052343','Subir Banerjee',NULL,NULL),
	 ('nm0055431','Michael Barnathan',NULL,NULL),
	 ('nm0056477','Byron Barr',1917,1966);
INSERT INTO imdb.actors (imdb_id,name,birthYear,deathYear) VALUES
	 ('nm0057655','David Barron',1954,NULL),
	 ('nm0058045','John Barry',1935,1979),
	 ('nm0059030','Luigi Bartolini',1892,1963),
	 ('nm0059431','Jay Baruchel',1982,NULL),
	 ('nm0060988','Michael Bates',1920,1978),
	 ('nm0064181','Stuart Beattie',NULL,NULL),
	 ('nm0067103','S.N. Behrman',1893,1973),
	 ('nm0067789','Jordan Belfort',1962,NULL),
	 ('nm0068501','Ross Grayson Bell',NULL,NULL),
	 ('nm0069483','Valeriya Belova',NULL,NULL);
INSERT INTO imdb.actors (imdb_id,name,birthYear,deathYear) VALUES
	 ('nm0070822','Terry Benedict',NULL,NULL),
	 ('nm0071059','Hubertus Bengsch',1952,NULL),
	 ('nm0071452','Robert Benmussa',NULL,NULL),
	 ('nm0071636','Bruce Bennett',1906,2007),
	 ('nm0073053','Leonardo Benvenuti',1923,2000),
	 ('nm0073875','Quirin Berg',1978,NULL),
	 ('nm0074788','Henry Bergman',1868,1946),
	 ('nm0075015','Eric Bergren',1954,2016),
	 ('nm0075551','André Berley',1880,1936),
	 ('nm0077086','Leonard Bernstein',1918,1990);
INSERT INTO imdb.actors (imdb_id,name,birthYear,deathYear) VALUES
	 ('nm0077720','Michael Berryman',1948,NULL),
	 ('nm0079065','Mariela Besuievsky',NULL,NULL),
	 ('nm0080755','Oreste Biancoli',1897,1971),
	 ('nm0080930','Edward Biby',1886,1952),
	 ('nm0082300','Tony Bill',1940,NULL),
	 ('nm0083348','Brad Bird',1957,NULL),
	 ('nm0084695','Peter Biziou',1944,NULL),
	 ('nm0085038','Gunnar Björnstrand',1909,1986),
	 ('nm0086658','Michael Blake',1945,2015),
	 ('nm0087533','Henry Blanke',1901,1981);
INSERT INTO imdb.actors (imdb_id,name,birthYear,deathYear) VALUES
	 ('nm0087861','William Peter Blatty',1928,2017),
	 ('nm0088471','B.F. Blinn',1872,1941),
	 ('nm0088645','Robert Bloch',1917,1994),
	 ('nm0089182','John Bloom',1935,NULL),
	 ('nm0089217','Orlando Bloom',1977,NULL),
	 ('nm0089658','Jason Blum',1969,NULL),
	 ('nm0090008','Stanley Blystone',1894,1956),
	 ('nm0090151','Jeffrey Boam',1946,2000),
	 ('nm0091686','Hagen Bogdanski',1965,NULL),
	 ('nm0092267','Pierre Boileau',1906,1989);
INSERT INTO imdb.actors (imdb_id,name,birthYear,deathYear) VALUES
	 ('nm0092268','Thomas Narcejac',1908,1998),
	 ('nm0094435','Bong Joon Ho',1969,NULL),
	 ('nm0095029','Lawrence A. Bonney',NULL,NULL),
	 ('nm0095478','Mark Boone Junior',1955,NULL),
	 ('nm0099541','Pierre Boulle',1912,1994),
	 ('nm0101801','F.X. Toole',1930,2002),
	 ('nm0101991','Philippa Boyens',NULL,NULL),
	 ('nm0102327','Robert F. Boyle',1909,2010),
	 ('nm0102508','Ron Bozman',NULL,NULL),
	 ('nm0102818','Charles Brackett',1892,1969);
INSERT INTO imdb.actors (imdb_id,name,birthYear,deathYear) VALUES
	 ('nm0102824','Leigh Brackett',1915,1978),
	 ('nm0105346','Gianluigi Braschi',1963,2008),
	 ('nm0106835','Anthony Bregman',NULL,NULL),
	 ('nm0106840','Martin Bregman',1926,2018),
	 ('nm0107795','Felix Bressart',1892,1949),
	 ('nm0108595','Paul Brickhill',1916,1991),
	 ('nm0108703','Sean Bridgers',1968,NULL),
	 ('nm0109300','John Briley',1925,2019),
	 ('nm0109726','Jon Brion',1963,NULL),
	 ('nm0110357','Graham Broadbent',NULL,NULL);
INSERT INTO imdb.actors (imdb_id,name,birthYear,deathYear) VALUES
	 ('nm0110480','Peter Brocco',1903,1992),
	 ('nm0111649','Michael Brook',1952,NULL),
	 ('nm0113360','David Brown',1916,2010),
	 ('nm0115669','Clyde Bruckman',1894,1955),
	 ('nm0117290','Ian Bryce',NULL,NULL),
	 ('nm0117709','Daniel Brühl',1978,NULL),
	 ('nm0117779','Pasquale Buba',1946,2018),
	 ('nm0118164','Lothar G. Buchheim',1918,2007),
	 ('nm0118227','Sidney Buchman',1902,1975),
	 ('nm0119322','Conrad Buff IV',1948,NULL);
INSERT INTO imdb.actors (imdb_id,name,birthYear,deathYear) VALUES
	 ('nm0120317','Henry Bumstead',1915,2006),
	 ('nm0121256','Anthony Burgess',1917,1993),
	 ('nm0121431','Geoffrey Burgon',1941,2010),
	 ('nm0121724','Jim Burke',NULL,NULL),
	 ('nm0122079','Robert Burks',1909,1968),
	 ('nm0122417','Murray Burnett',1910,1997),
	 ('nm0122446','W.R. Burnett',1899,1982),
	 ('nm0122653','Edward Burns',1968,NULL),
	 ('nm0123785','Ben Burtt',1948,NULL),
	 ('nm0124833','Bill Butler',1933,2017);
INSERT INTO imdb.actors (imdb_id,name,birthYear,deathYear) VALUES
	 ('nm0125336','Jez Butterworth',1969,NULL),
	 ('nm0125730','Mikhail Bychkov',1950,2022),
	 ('nm0128906','James M. Cain',1892,1977),
	 ('nm0132168','John W. Campbell Jr.',1910,1971),
	 ('nm0134073','Enzo Cannavale',1928,2011),
	 ('nm0134201','J.D. Cannon',1922,2005),
	 ('nm0134493','Giorgio Cantarini',1992,NULL),
	 ('nm0134635','Neil Canton',1948,NULL),
	 ('nm0136057','Luis Carballar',NULL,NULL),
	 ('nm0136260','Philippe Carcassonne',1955,NULL);
INSERT INTO imdb.actors (imdb_id,name,birthYear,deathYear) VALUES
	 ('nm0136794','Lianella Carell',1927,2000),
	 ('nm0137793','Wendy Carlos',1939,NULL),
	 ('nm0138287','Phyllis Carlyle',NULL,NULL),
	 ('nm0139714','Harry Carr',1877,1936),
	 ('nm0140826','Gordon Carroll',1928,2005),
	 ('nm0141734','Joseph Carter',1912,1984),
	 ('nm0143596','Jim Cash',1941,2000),
	 ('nm0147599','Suso Cecchi D''Amico',1914,2010),
	 ('nm0148437','Vincenzo Cerami',1940,2013),
	 ('nm0149223','Seoung-Jae Cha',NULL,NULL);
INSERT INTO imdb.actors (imdb_id,name,birthYear,deathYear) VALUES
	 ('nm0149556','Ceán Chaffin',1957,NULL),
	 ('nm0151434','Michael Chandler',NULL,NULL),
	 ('nm0151452','Raymond Chandler',1888,1959),
	 ('nm0151519','Bansi Chandragupta',1924,1981),
	 ('nm0152469','Michael Chapman',1935,2020),
	 ('nm0153590','Robert Chartoff',1933,2015),
	 ('nm0153738','Daveigh Chase',1990,NULL),
	 ('nm0154665','Paddy Chayefsky',1923,1981),
	 ('nm0156039','Virginia Cherrill',1908,1996),
	 ('nm0156816','Richard Chew',1940,NULL);
INSERT INTO imdb.actors (imdb_id,name,birthYear,deathYear) VALUES
	 ('nm0158856','Choi Min-sik',1962,NULL),
	 ('nm0159039','Felix Chong',1968,NULL),
	 ('nm0161200','Chung-hoon Chung',1970,NULL),
	 ('nm0165049','Warren Clarke',1947,2014),
	 ('nm0165412','James Clavell',1921,1994),
	 ('nm0167241','Henri-Georges Clouzot',1907,1977),
	 ('nm0167767','Humphrey Cobb',1899,1944),
	 ('nm0169260','Bruce Cohen',NULL,NULL),
	 ('nm0169299','Danny Cohen',NULL,NULL),
	 ('nm0169505','Joel Cohen',NULL,NULL);
INSERT INTO imdb.actors (imdb_id,name,birthYear,deathYear) VALUES
	 ('nm0173827','Dorothy Comingore',1913,1971),
	 ('nm0174682','Chester Conklin',1886,1971),
	 ('nm0174840','Gerry Conlon',1954,2014),
	 ('nm0175068','Erwin Connelly',1878,1931),
	 ('nm0175333','Myles Connolly',1897,1964),
	 ('nm0175369','Walter Connolly',1887,1940),
	 ('nm0175676','Joseph Conrad',1857,1924),
	 ('nm0175722','Scott Conrad',NULL,NULL),
	 ('nm0175814','Frances Conroy',1953,NULL),
	 ('nm0176036','Jean Constantin',1923,1997);
INSERT INTO imdb.actors (imdb_id,name,birthYear,deathYear) VALUES
	 ('nm0177707','Melanie Coombs',1969,NULL),
	 ('nm0177896','Bradley Cooper',1975,NULL),
	 ('nm0178785','Alec Coppel',1907,1972),
	 ('nm0178874','Carmine Coppola',1910,1991),
	 ('nm0179819','Wendell Corey',1914,1968),
	 ('nm0185088','Joel Cox',1942,NULL),
	 ('nm0185583','James Crabe',1931,1989),
	 ('nm0185976','Peter Craig',1969,NULL),
	 ('nm0186677','Lorella Cravotta',1958,NULL),
	 ('nm0187724','Wendy Crewson',1956,NULL);
INSERT INTO imdb.actors (imdb_id,name,birthYear,deathYear) VALUES
	 ('nm0188053','Franco Cristaldi',1924,1992),
	 ('nm0188357','Harry Crocker',1893,1958),
	 ('nm0188949','Alison Crosbie',NULL,NULL),
	 ('nm0189496','Russel Crouse',1893,1966),
	 ('nm0190859','Alfonso Cuarón',1961,NULL),
	 ('nm0191896','Howard Cummings',NULL,NULL),
	 ('nm0191950','Robert Cummings',1910,1990),
	 ('nm0192942','Brian Hayes Currie',1961,NULL),
	 ('nm0192984','Paul Currie',NULL,NULL),
	 ('nm0194446','Peter Czernin',NULL,NULL);
INSERT INTO imdb.actors (imdb_id,name,birthYear,deathYear) VALUES
	 ('nm0199679','Lee Daniel',1962,NULL),
	 ('nm0199774','Isa Danieli',1937,NULL),
	 ('nm0199787','Henry Daniell',1894,1963),
	 ('nm0200452','Paul Dano',1984,NULL),
	 ('nm0201857','Ricardo Darín',1957,NULL),
	 ('nm0202704','Bruce Davey',NULL,NULL),
	 ('nm0202966','Keith David',1956,NULL),
	 ('nm0204987','Kira Davis',NULL,NULL),
	 ('nm0205626','Viola Davis',1965,NULL),
	 ('nm0206154','Jeremy Dawson',NULL,NULL);
INSERT INTO imdb.actors (imdb_id,name,birthYear,deathYear) VALUES
	 ('nm0207401','Piero De Bernardi',1926,2010),
	 ('nm0208381','Barbara De Fina',NULL,NULL),
	 ('nm0211823','Steven E. de Souza',1947,NULL),
	 ('nm0212246','Christopher De Vore',NULL,NULL),
	 ('nm0213948','Guy Decomble',1910,1964),
	 ('nm0214303','Michael Deeley',1932,NULL),
	 ('nm0216632','Bruno Delbonnel',1957,NULL),
	 ('nm0217258','Enzo Dell''Aquila',NULL,NULL),
	 ('nm0217865','Joseph Delteil',1894,1978),
	 ('nm0218760','Rick Dempsey',NULL,NULL);
INSERT INTO imdb.actors (imdb_id,name,birthYear,deathYear) VALUES
	 ('nm0219670','Roger Q. Denny',NULL,NULL),
	 ('nm0222447','Chunibala Devi',1872,1955),
	 ('nm0223964','Fernando Di Leo',1932,2003),
	 ('nm0224634','I.A.L. Diamond',1920,1988),
	 ('nm0228492','Steve Ditko',1927,2018),
	 ('nm0229809','Fyodor Dobronravov',1921,2014),
	 ('nm0229943','Vernon Dobtcheff',1934,NULL),
	 ('nm0230032','Pete Docter',1968,NULL),
	 ('nm0232433','Joshua Donen',1955,NULL),
	 ('nm0233145','Alison Doody',1966,NULL);
INSERT INTO imdb.actors (imdb_id,name,birthYear,deathYear) VALUES
	 ('nm0233561','Cliff Dorfman',NULL,NULL),
	 ('nm0233827','Dody Dorn',1955,NULL),
	 ('nm0234541','Roy Dotrice',1923,2017),
	 ('nm0236405','Julian Doyle',1942,NULL),
	 ('nm0237543','Hal Dresner',1937,NULL),
	 ('nm0238898','Daphne Du Maurier',1907,1989),
	 ('nm0243842','Giustino Durano',1923,2002),
	 ('nm0244891','Dulal Dutta',1925,2010),
	 ('nm0245596','Guy Hendrix Dyas',1968,NULL),
	 ('nm0246386','Mélissa Désormeaux-Poulin',NULL,NULL);
INSERT INTO imdb.actors (imdb_id,name,birthYear,deathYear) VALUES
	 ('nm0246404','Luc Déry',NULL,NULL),
	 ('nm0247762','Kyle Eastwood',1968,NULL),
	 ('nm0247787','Andrew Eaton',1960,NULL),
	 ('nm0248408','Emilio Echevarría',NULL,NULL),
	 ('nm0248600','Andrea Eckert',1958,NULL),
	 ('nm0249291','Joel Edgerton',1974,NULL),
	 ('nm0250813','Nikolaj Egelund',1968,NULL),
	 ('nm0251536','Bernd Eichinger',1949,2011),
	 ('nm0252230','Chiwetel Ejiofor',1977,NULL),
	 ('nm0252321','Allan Ekelund',1918,2009);
INSERT INTO imdb.actors (imdb_id,name,birthYear,deathYear) VALUES
	 ('nm0252345','Bengt Ekerot',1920,1971),
	 ('nm0253844','Rachel Elkind',1939,NULL),
	 ('nm0254178','Adam Elliot',1972,NULL),
	 ('nm0254402','Chris Elliott',1960,NULL),
	 ('nm0254645','Ted Elliott',1961,NULL),
	 ('nm0255278','James Ellroy',1948,NULL),
	 ('nm0258390','Jack Epps Jr.',1949,NULL),
	 ('nm0258493','Julius J. Epstein',1909,2000),
	 ('nm0258525','Philip G. Epstein',1909,1952),
	 ('nm0259689','Donald W. Ernst',1934,NULL);
INSERT INTO imdb.actors (imdb_id,name,birthYear,deathYear) VALUES
	 ('nm0260389','Jean-Yves Escoffier',1950,2003),
	 ('nm0260556','Amir Esfandiari',NULL,NULL),
	 ('nm0260557','Mohammad Esfandiari',NULL,NULL),
	 ('nm0262595','Bruce A. Evans',1946,NULL),
	 ('nm0263172','Robert Evans',1930,2019),
	 ('nm0266029','Maria Falconetti',1892,1946),
	 ('nm0266239','Paul Falkenberg',1903,1986),
	 ('nm0266684','Hampton Fancher',1938,NULL),
	 ('nm0268380','Peter Farrelly',1956,NULL),
	 ('nm0268488','Amir Farrokh Hashemian',NULL,NULL);
INSERT INTO imdb.actors (imdb_id,name,birthYear,deathYear) VALUES
	 ('nm0270458','Rudi Fehr',1911,1999),
	 ('nm0270559','Kevin Feige',1973,NULL),
	 ('nm0271026','Edward S. Feldman',1929,2020),
	 ('nm0271479','Eric Fellner',1959,NULL),
	 ('nm0274721','Dante Ferretti',1943,NULL),
	 ('nm0274754','Elda Ferri',NULL,NULL),
	 ('nm0275264','Joachim Fest',1926,2006),
	 ('nm0275286','David S. Goyer',1965,NULL),
	 ('nm0275835','John Fiedler',1925,2005),
	 ('nm0277704','Wendy Finerman',1961,NULL);
INSERT INTO imdb.actors (imdb_id,name,birthYear,deathYear) VALUES
	 ('nm0277730','Bill Finger',1914,1974),
	 ('nm0277975','Frank Finlay',1926,2016),
	 ('nm0285210','Horton Foote',1916,2009),
	 ('nm0286025','Carl Foreman',1914,1984),
	 ('nm0286715','Brent Forrester',1967,NULL),
	 ('nm0287759','David Foster',1929,2019),
	 ('nm0287931','Lewis R. Foster',1898,1974),
	 ('nm0288976','Emilia Fox',1974,NULL),
	 ('nm0290000','Adolfo Franci',1895,1954),
	 ('nm0290358','Richard Francis-Bruce',1948,NULL);
INSERT INTO imdb.actors (imdb_id,name,birthYear,deathYear) VALUES
	 ('nm0290581','Larry Franco',1949,NULL),
	 ('nm0291082','Scott Frank',1960,NULL),
	 ('nm0291905','David Franzoni',1947,NULL),
	 ('nm0293550','Paul Freeman',1943,NULL),
	 ('nm0295947','Fred Frith',1949,NULL),
	 ('nm0297054','Gustav Fröhlich',1902,1987),
	 ('nm0301274','Neil Gaiman',1960,NULL),
	 ('nm0301826','Bob Gale',1951,NULL),
	 ('nm0305087','Al Ernest Garcia',1887,1938),
	 ('nm0305558','Gael García Bernal',1978,NULL);
INSERT INTO imdb.actors (imdb_id,name,birthYear,deathYear) VALUES
	 ('nm0306088','Esther García',1956,NULL),
	 ('nm0306786','Reginald Gardiner',1903,1980),
	 ('nm0306890','Dede Gardner',NULL,NULL),
	 ('nm0307311','Louis Garfinkle',1928,2005),
	 ('nm0307531','Jeff Garlin',1962,NULL),
	 ('nm0308882','Lorraine Gary',1937,NULL),
	 ('nm0309107','Tatsuya Gashûin',1950,NULL),
	 ('nm0309693','Mark Gatiss',1966,NULL),
	 ('nm0309800','Marcello Gatti',1924,2013),
	 ('nm0309945','Maxim Gaudette',1974,NULL);
INSERT INTO imdb.actors (imdb_id,name,birthYear,deathYear) VALUES
	 ('nm0310797','Norman Gay',NULL,NULL),
	 ('nm0311476','Martina Gedeck',1961,NULL),
	 ('nm0313570','Peter George',1924,1966),
	 ('nm0313623','Terry George',1952,NULL),
	 ('nm0314088','Bill Gerber',NULL,NULL),
	 ('nm0315760','Abdel Ahmed Ghili',NULL,NULL),
	 ('nm0315974','Michael Giacchino',1967,NULL),
	 ('nm0317279','Raynold Gideon',NULL,NULL),
	 ('nm0317725','Ariadna Gil',1969,NULL),
	 ('nm0317970','Billy Gilbert',1894,1971);
INSERT INTO imdb.actors (imdb_id,name,birthYear,deathYear) VALUES
	 ('nm0318429','David Giler',1943,2020),
	 ('nm0321294','Aldo Giuffrè',1924,2010),
	 ('nm0322204','Baptiste Glaymann',NULL,NULL),
	 ('nm0325358','Mark Goldblatt',NULL,NULL),
	 ('nm0325549','William Goldenberg',1959,NULL),
	 ('nm0325743','Bo Goldman',1932,NULL),
	 ('nm0325989','Renée Elise Goldsberry',1971,NULL),
	 ('nm0326040','Akiva Goldsman',1962,NULL),
	 ('nm0326364','John Goldstone',1943,NULL),
	 ('nm0326418','Samuel Goldwyn',1879,1974);
INSERT INTO imdb.actors (imdb_id,name,birthYear,deathYear) VALUES
	 ('nm0326512','Steve Golin',1955,2019),
	 ('nm0327273','Michel Gondry',1963,NULL),
	 ('nm0327944','Alejandro G. Iñárritu',1963,NULL),
	 ('nm0328751','Caroline Goodall',1959,NULL),
	 ('nm0329304','Frances Goodrich',1890,1984),
	 ('nm0330383','Lawrence Gordon',1936,NULL),
	 ('nm0330428','Mark Gordon',1956,NULL),
	 ('nm0330687','Joseph Gordon-Levitt',1981,NULL),
	 ('nm0331907','Howard Gottfried',1923,2017),
	 ('nm0331956','Carl Gottlieb',1938,NULL);
INSERT INTO imdb.actors (imdb_id,name,birthYear,deathYear) VALUES
	 ('nm0334318','Stephen Graham',1973,NULL),
	 ('nm0334882','Darío Grandinetti',1959,NULL),
	 ('nm0335788','Charley Grapewin',1869,1956),
	 ('nm0337676','Brunson Green',NULL,NULL),
	 ('nm0338169','Michael Green',NULL,NULL),
	 ('nm0338513','Gerald B. Greenberg',1936,2017),
	 ('nm0339351','Jonny Greenwood',1971,NULL),
	 ('nm0339856','Jon Gregory',1944,2021),
	 ('nm0340003','Rupert Gregson-Williams',1967,NULL),
	 ('nm0340260','Zach Grenier',1954,NULL);
INSERT INTO imdb.actors (imdb_id,name,birthYear,deathYear) VALUES
	 ('nm0340522','Brad Grey',1957,2017),
	 ('nm0340580','Harry Grey',1901,1980),
	 ('nm0342090','Alberto Grimaldi',1925,2021),
	 ('nm0342488','Rupert Grint',1988,NULL),
	 ('nm0343165','Winston Groom',1943,2020),
	 ('nm0344963','Herbert Grönemeyer',1956,NULL),
	 ('nm0345991','Andrea Guerra',1961,NULL),
	 ('nm0346270','Álvaro Guerrero',NULL,NULL),
	 ('nm0346537','Madeleine Gug',1913,1971),
	 ('nm0347384','Ed Guiney',NULL,NULL);
INSERT INTO imdb.actors (imdb_id,name,birthYear,deathYear) VALUES
	 ('nm0348409','Bob Gunton',1945,NULL),
	 ('nm0349023','Gittan Gustafsson',1924,2003),
	 ('nm0350453','Jake Gyllenhaal',1980,NULL),
	 ('nm0350823','Jérôme Géronimi',NULL,NULL),
	 ('nm0352443','Albert Hackett',1900,1995),
	 ('nm0352835','Brahim Hadjadj',NULL,NULL),
	 ('nm0353091','Oswald Hafenrichter',1899,1973),
	 ('nm0353187','Steven Haft',NULL,NULL),
	 ('nm0353673','Paul Haggis',1953,NULL),
	 ('nm0354913','Georgia Hale',1900,1985);
INSERT INTO imdb.actors (imdb_id,name,birthYear,deathYear) VALUES
	 ('nm0354916','Grace Hayle',1888,1963),
	 ('nm0357310','Yoshiyasu Hamamura',NULL,NULL),
	 ('nm0357421','Gerry Hambling',1926,2013),
	 ('nm0358960','Christopher Hampton',1946,NULL),
	 ('nm0361683','Masato Hara',1931,2021),
	 ('nm0361697','Setsuko Hara',1920,2015),
	 ('nm0361701','Tôru Hara',1935,NULL),
	 ('nm0361823','Haya Harareet',1931,2021),
	 ('nm0362165','Tim Maurice-Jones',NULL,NULL),
	 ('nm0362766','Tom Hardy',1977,NULL);
INSERT INTO imdb.actors (imdb_id,name,birthYear,deathYear) VALUES
	 ('nm0364805','James B. Harris',1928,NULL),
	 ('nm0365208','Pippa Harris',NULL,NULL),
	 ('nm0365383','Thomas Harris',1940,NULL),
	 ('nm0365661','Joan Harrison',1907,1994),
	 ('nm0367431','Anthony Harvey',1930,2017),
	 ('nm0367838','Ronald Harwood',1934,2020),
	 ('nm0368007','Gustav Hasford',1947,1993),
	 ('nm0368074','Shinobu Hashimoto',1918,2018),
	 ('nm0368359','Hassan Hassandoost',1958,NULL),
	 ('nm0368689','Leila Hatami',1972,NULL);
INSERT INTO imdb.actors (imdb_id,name,birthYear,deathYear) VALUES
	 ('nm0368990','Rohini Hattangadi',1955,NULL),
	 ('nm0369142','Lawrence Hauben',1931,1985),
	 ('nm0369841','Jean C. Havez',1872,1925),
	 ('nm0369879','Gene Havlick',1894,1959),
	 ('nm0370144','Jack Hawkins',1910,1973),
	 ('nm0370564','Sessue Hayakawa',1886,1973),
	 ('nm0370593','Fumio Hayasaka',1914,1955),
	 ('nm0370821','Richard Haydn',1905,1985),
	 ('nm0371088','John Michael Hayes',1919,2008),
	 ('nm0372942','Ben Hecht',1894,1964);
INSERT INTO imdb.actors (imdb_id,name,birthYear,deathYear) VALUES
	 ('nm0374189','Alan Heim',1936,NULL),
	 ('nm0375609','Brigitte Helm',1906,1996),
	 ('nm0375738','Tom Helmore',1904,1995),
	 ('nm0380282','Michael Herr',1940,2016),
	 ('nm0380670','Pembroke J. Herring',1930,2020),
	 ('nm0382268','David Heyman',1961,NULL),
	 ('nm0383022','Noriko Hidaka',1962,NULL),
	 ('nm0383261','Chieko Higashiyama',1890,1980),
	 ('nm0383708','Rumi Hiiragi',1987,NULL),
	 ('nm0384294','Grant Hill',NULL,NULL);
INSERT INTO imdb.actors (imdb_id,name,birthYear,deathYear) VALUES
	 ('nm0385443','Shin''ichi Himori',1907,1959),
	 ('nm0386227','Masahiro Hirakubo',NULL,NULL),
	 ('nm0386246','Rajkumar Hirani',1962,NULL),
	 ('nm0386472','Emile Hirsch',1985,NULL),
	 ('nm0386570','Oliver Hirschbiegel',1957,NULL),
	 ('nm0386749','Joe Hisaishi',1950,NULL),
	 ('nm0386750','Eijirô Hisaita',1898,1976),
	 ('nm0388076','John Hodge',1964,NULL),
	 ('nm0389580','Michael Hogan',1893,1977),
	 ('nm0392529','Tim Holt',1919,1973);
INSERT INTO imdb.actors (imdb_id,name,birthYear,deathYear) VALUES
	 ('nm0393240','Hong Kyung-pyo',NULL,NULL),
	 ('nm0394967','Arthur Hornblow Jr.',1893,1976),
	 ('nm0396106','Tatsuo Hosoya',NULL,NULL),
	 ('nm0396327','Byron Houck',1891,1969),
	 ('nm0396558','Nicholas Hoult',1989,NULL),
	 ('nm0397171','Bryce Dallas Howard',1981,NULL),
	 ('nm0398167','Niven Howie',NULL,NULL),
	 ('nm0398343','William Hoy',1955,NULL),
	 ('nm0399737','Reginald Hudlin',1961,NULL),
	 ('nm0400542','David A. Hughes',1960,NULL);
INSERT INTO imdb.actors (imdb_id,name,birthYear,deathYear) VALUES
	 ('nm0400954','Ted Hughes',1930,1998),
	 ('nm0402032','Barry Humphries',1934,NULL),
	 ('nm0402805','Evan Hunter',1926,2005),
	 ('nm0402950','Martin Hunter',NULL,NULL),
	 ('nm0403288','Gottfried Huppertz',1887,1937),
	 ('nm0403346','Georg Hurdalek',1908,1980),
	 ('nm0404158','Walter Huston',1883,1950),
	 ('nm0406157','Hümeyra',1947,NULL),
	 ('nm0406836','Masato Ide',1922,1989),
	 ('nm0408488','Agenore Incrocci',1919,2005);
INSERT INTO imdb.actors (imdb_id,name,birthYear,deathYear) VALUES
	 ('nm0410942','Yuriko Ishida',1969,NULL),
	 ('nm0410968','Akira Ishihama',1935,NULL),
	 ('nm0411790','Shigesato Itoi',1948,NULL),
	 ('nm0412615','Shima Iwashita',1941,NULL),
	 ('nm0413168','Hugh Jackman',1968,NULL),
	 ('nm0414825','Egon Jacobsohn',1895,NULL),
	 ('nm0415412','Nafise Jafar-Mohammadi',NULL,NULL),
	 ('nm0415663','Kayvan Jahanshahi',NULL,NULL),
	 ('nm0423122','Minoru Jingo',NULL,NULL),
	 ('nm0423134','Dan Jinks',NULL,NULL);
INSERT INTO imdb.actors (imdb_id,name,birthYear,deathYear) VALUES
	 ('nm0423280','Yeong-wook Jo',1962,NULL),
	 ('nm0424060','Scarlett Johansson',1984,NULL),
	 ('nm0424663','Broderick Johnson',NULL,NULL),
	 ('nm0424956','Diane Johnson',1934,NULL),
	 ('nm0425711','Malcolm Johnson',1904,1976),
	 ('nm0425913','Nunnally Johnson',1897,1977),
	 ('nm0426440','Bill Johnson',NULL,NULL),
	 ('nm0430785','Abhijat Joshi',NULL,NULL),
	 ('nm0430817','Sharman Joshi',1979,NULL),
	 ('nm0432382','David Julyan',NULL,NULL);
INSERT INTO imdb.actors (imdb_id,name,birthYear,deathYear) VALUES
	 ('nm0432622','Traudl Junge',1920,2002),
	 ('nm0432625','Paul Junger Witt',1941,2018),
	 ('nm0432725','Junkie XL',1967,NULL),
	 ('nm0433392','Jyotika',1978,NULL),
	 ('nm0434222','Jan A.P. Kaczmarek',1953,NULL),
	 ('nm0434593','Kyôko Kagawa',1931,NULL),
	 ('nm0435534','Mahmoud Kalari',NULL,NULL),
	 ('nm0436164','Laeta Kalogridis',1965,NULL),
	 ('nm0437520','Nobuo Kaneko',1923,1995),
	 ('nm0437969','MacKinlay Kantor',1904,1977);
INSERT INTO imdb.actors (imdb_id,name,birthYear,deathYear) VALUES
	 ('nm0439850','Roscoe Karns',1891,1970),
	 ('nm0440913','Mathieu Kassovitz',1967,NULL),
	 ('nm0441097','Anthony Katagas',NULL,NULL),
	 ('nm0442100','Boris Kaufman',1906,1980),
	 ('nm0442109','Charlie Kaufman',1958,NULL),
	 ('nm0442241','Philip Kaufman',1936,NULL),
	 ('nm0442337','Morten Kaufmann',1963,NULL),
	 ('nm0443411','Tony Kaye',1952,NULL),
	 ('nm0443599','Howard G. Kazanjian',1942,NULL),
	 ('nm0444172','Joe Keaton',1867,1946);
INSERT INTO imdb.actors (imdb_id,name,birthYear,deathYear) VALUES
	 ('nm0445669','Jason Keller',1968,NULL),
	 ('nm0447745','Thomas Keneally',1935,NULL),
	 ('nm0448809','Mollie Kent',NULL,NULL),
	 ('nm0449197','Samia Kerbash',NULL,NULL),
	 ('nm0449984','Irvin Kershner',1923,2010),
	 ('nm0450181','Ken Kesey',1935,2001),
	 ('nm0451148','Aamir Khan',1965,NULL),
	 ('nm0451787','Darius Khondji',1955,NULL),
	 ('nm0452878','Ryûzô Kikushima',1914,1989),
	 ('nm0453617','Moo-Ryoung Kim',NULL,NULL);
INSERT INTO imdb.actors (imdb_id,name,birthYear,deathYear) VALUES
	 ('nm0454120','Takuya Kimura',1972,NULL),
	 ('nm0454752','Graham King',1961,NULL),
	 ('nm0457715','A. Kitman Ho',1950,NULL),
	 ('nm0459030','Rudolf Klein-Rogge',1885,1955),
	 ('nm0459552','Elem Klimov',1933,2003),
	 ('nm0460141','Steve Kloves',1960,NULL),
	 ('nm0460795','Andrew Knight',NULL,NULL),
	 ('nm0461136','Keira Knightley',1985,NULL),
	 ('nm0461425','Frederick Knott',1916,2002),
	 ('nm0461772','Frederic Knudtson',1906,1964);
INSERT INTO imdb.actors (imdb_id,name,birthYear,deathYear) VALUES
	 ('nm0462030','Masaki Kobayashi',1916,1996),
	 ('nm0462321','Howard Koch',1901,1995),
	 ('nm0462407','Sebastian Koch',1962,NULL),
	 ('nm0462895','David Koepp',1963,NULL),
	 ('nm0465745','Arnold Kopelson',1935,2018),
	 ('nm0466099','Alexander Korda',1893,1956),
	 ('nm0467255','Andrew A. Kosove',NULL,NULL),
	 ('nm0468003','Hubert Koundé',1970,NULL),
	 ('nm0468710','Nobuo Koyama',NULL,NULL),
	 ('nm0470385','Aleksey Kravchenko',1969,NULL);
INSERT INTO imdb.actors (imdb_id,name,birthYear,deathYear) VALUES
	 ('nm0470981','Thomas Kretschmann',1962,NULL),
	 ('nm0471811','Kim Krizan',1961,NULL),
	 ('nm0472234','Margaretha Krook',1925,2001),
	 ('nm0472567','Ehren Kruger',1972,NULL),
	 ('nm0472756','Mara Krupp',1935,NULL),
	 ('nm0473228','Hardy Krüger',1928,2022),
	 ('nm0473588','Vivian Kubrick',1960,NULL),
	 ('nm0475823','Harry Kurnitz',1908,1968),
	 ('nm0476030','Gary Kurtz',1940,2018),
	 ('nm0476334','Fikret Kuskan',1965,NULL);
INSERT INTO imdb.actors (imdb_id,name,birthYear,deathYear) VALUES
	 ('nm0477158','James Y. Kwei',NULL,NULL),
	 ('nm0477553','Machiko Kyô',1924,2019),
	 ('nm0477810','Juliane Köhler',1965,NULL),
	 ('nm0480440','Alan Ladd Jr.',1937,2022),
	 ('nm0483766','Jake LaMotta',1922,2017),
	 ('nm0484111','Bill Lancaster',1947,1997),
	 ('nm0484123','David Lancaster',NULL,NULL),
	 ('nm0484737','Inge Landgut',1922,1986),
	 ('nm0484829','Jessie Royce Landis',1896,1972),
	 ('nm0484981','Sylvie Landra',NULL,NULL);
INSERT INTO imdb.actors (imdb_id,name,birthYear,deathYear) VALUES
	 ('nm0485702','Charles Lang',1902,1998),
	 ('nm0486127','Harry Lange',1930,2008),
	 ('nm0487884','Alexandra Maria Lara',1978,NULL),
	 ('nm0488917','Thomas Bo Larsen',1963,NULL),
	 ('nm0488953','Brie Larson',1989,NULL),
	 ('nm0490147','Nick Lathouris',NULL,NULL),
	 ('nm0490708','Liubomiras Laucevicius',1950,NULL),
	 ('nm0491011','Guillaume Laurant',1961,NULL),
	 ('nm0491259','Mélanie Laurent',1983,NULL),
	 ('nm0492747','Elliot Lawrence',1925,2021);
INSERT INTO imdb.actors (imdb_id,name,birthYear,deathYear) VALUES
	 ('nm0493339','Tony Lawson',1944,NULL),
	 ('nm0497369','Harper Lee',1926,2016),
	 ('nm0498278','Stan Lee',1922,2018),
	 ('nm0499626','Ernest Lehman',1915,2005),
	 ('nm0501435','Kasi Lemmons',1961,NULL),
	 ('nm0501872','Melchior Lengyel',1880,1974),
	 ('nm0502425','Melissa Leo',1960,NULL),
	 ('nm0503594','Carl Lerner',1912,1973),
	 ('nm0504380','Elgin Lessley',1883,1944),
	 ('nm0506013','Gary Levinsohn',1959,NULL);
INSERT INTO imdb.actors (imdb_id,name,birthYear,deathYear) VALUES
	 ('nm0508732','Matthew Libatique',1968,NULL),
	 ('nm0510936','Patrick Lin',NULL,NULL),
	 ('nm0512231','Howard Lindsay',1889,1968),
	 ('nm0512482','Bibi Lindström',1904,1984),
	 ('nm0513165','Art Linson',1942,NULL),
	 ('nm0515201','Jean-Louis Livi',1941,NULL),
	 ('nm0515950','Danny Lloyd',1972,NULL),
	 ('nm0516972','Gary Lockwood',1937,NULL),
	 ('nm0517589','John Logan',1961,NULL),
	 ('nm0517615','Michael Logan',NULL,NULL);
INSERT INTO imdb.actors (imdb_id,name,birthYear,deathYear) VALUES
	 ('nm0520164','Perry Lopez',1929,2008),
	 ('nm0520749','Robert Lorenz',NULL,NULL),
	 ('nm0521554','Evan A. Lottman',1931,2001),
	 ('nm0522487','Ray Lovejoy',1939,2001),
	 ('nm0523932','Ernst Lubitsch',1892,1947),
	 ('nm0524796','Janet Lucroy',NULL,NULL),
	 ('nm0524829','Hugo Luczyc-Wyhowski',1957,NULL),
	 ('nm0525793','Folco Lulli',1912,1970),
	 ('nm0526456','P.A. Lundgren',1911,2002),
	 ('nm0526917','Daniel Lupi',NULL,NULL);
INSERT INTO imdb.actors (imdb_id,name,birthYear,deathYear) VALUES
	 ('nm0527322','Branko Lustig',1932,2019),
	 ('nm0529543','Jean-Pierre Léaud',1944,NULL),
	 ('nm0530365','Sergi López',1965,NULL),
	 ('nm0531602','Andrew Macdonald',1966,NULL),
	 ('nm0531878','Philip MacDonald',1901,1980),
	 ('nm0534045','Fred MacMurray',1908,1991),
	 ('nm0534317','George Macready',1899,1973),
	 ('nm0534856','Madhavan',1970,NULL),
	 ('nm0535861','Patrick Magee',1922,1982),
	 ('nm0536009','Lamberto Maggiorani',1909,1983);
INSERT INTO imdb.actors (imdb_id,name,birthYear,deathYear) VALUES
	 ('nm0537004','Zdenek Mahler',1928,2018),
	 ('nm0538320','Alan Mak',1965,NULL),
	 ('nm0539342','Parviz Malekzaade',1944,NULL),
	 ('nm0539794','Barry Malkin',1938,2019),
	 ('nm0539990','Bill Malley',NULL,NULL),
	 ('nm0540338','Matty Malneck',1903,1981),
	 ('nm0541721','Daniel Mandell',1895,1987),
	 ('nm0542534','Herman J. Mankiewicz',1897,1953),
	 ('nm0542631','Abby Mann',1927,2008),
	 ('nm0543739','Clint Mansell',1963,NULL);
INSERT INTO imdb.actors (imdb_id,name,birthYear,deathYear) VALUES
	 ('nm0545298','Fredric March',1897,1975),
	 ('nm0546140','Lawrence B. Marcus',1917,2001),
	 ('nm0547349','Eli Marienthal',1986,NULL),
	 ('nm0548929','Owen Marks',1899,1960),
	 ('nm0548943','Richard Marks',1943,2018),
	 ('nm0549658','Richard Marquand',1937,1987),
	 ('nm0550881','Frank Marshall',1946,NULL),
	 ('nm0551261','D.M. Marshman Jr.',1922,2015),
	 ('nm0552483','Jean Martin',1922,2009),
	 ('nm0552731','Mardik Martin',1934,2019);
INSERT INTO imdb.actors (imdb_id,name,birthYear,deathYear) VALUES
	 ('nm0554204','John Morrissey',NULL,NULL),
	 ('nm0555404','María Marull',1973,NULL),
	 ('nm0555550','Niki Marvin',NULL,NULL),
	 ('nm0556067','Chip Masamitsu',NULL,NULL),
	 ('nm0557956','Richard Masur',1948,NULL),
	 ('nm0559444','Yôji Matsuda',1967,NULL),
	 ('nm0559452','Yoichi Matsue',1930,2019),
	 ('nm0559890','Ulrich Matthes',1959,NULL),
	 ('nm0561158','Claire Maurier',1929,NULL),
	 ('nm0562372','Edwin Justus Mayer',1896,1960);
INSERT INTO imdb.actors (imdb_id,name,birthYear,deathYear) VALUES
	 ('nm0564768','Rick McCallum',1950,NULL),
	 ('nm0564827','Tim McCanlies',1953,NULL),
	 ('nm0565068','Brendan McCarthy',NULL,NULL),
	 ('nm0565336','Tom McCarthy',1966,NULL),
	 ('nm0566919','Kim McCraw',NULL,NULL),
	 ('nm0568120','Michael McDonnell',NULL,NULL),
	 ('nm0568223','Callum McDougall',NULL,NULL),
	 ('nm0570230','Kathryn McGuire',1903,1978),
	 ('nm0571344','Chris McKenna',NULL,NULL),
	 ('nm0571346','David McKenna',1968,NULL);
INSERT INTO imdb.actors (imdb_id,name,birthYear,deathYear) VALUES
	 ('nm0571727','Kevin McKidd',1973,NULL),
	 ('nm0572492','Barbara McLean',1903,1996),
	 ('nm0574625','James McTeigue',NULL,NULL),
	 ('nm0575804','Enrico Medioli',1925,2017),
	 ('nm0576127','Ralph Meeker',1920,1988),
	 ('nm0576345','John Megna',1952,1995),
	 ('nm0578814','Barry Mendel',1963,NULL),
	 ('nm0579663','Adolphe Menjou',1890,1963),
	 ('nm0579673','Sally Menke',1953,2010),
	 ('nm0583675','Menno Meyjes',1954,NULL);
INSERT INTO imdb.actors (imdb_id,name,birthYear,deathYear) VALUES
	 ('nm0586568','Mads Mikkelsen',1965,NULL),
	 ('nm0586969','Arnon Milchan',1944,NULL),
	 ('nm0587256','Vera Miles',1929,NULL),
	 ('nm0587518','John Milius',1944,NULL),
	 ('nm0588033','Carl Miller',1894,1979),
	 ('nm0590799','Yoshio Miyajima',1910,1998),
	 ('nm0592135','Lin-Manuel Miranda',1980,NULL),
	 ('nm0592500','Olga Mironova',NULL,NULL),
	 ('nm0593294','Doug Mitchell',NULL,NULL),
	 ('nm0593477','Joseph A. Mitchell',1866,1950);
INSERT INTO imdb.actors (imdb_id,name,birthYear,deathYear) VALUES
	 ('nm0593775','Thomas Mitchell',1892,1962),
	 ('nm0593970','Subrata Mitra',1931,2001),
	 ('nm0594271','Akihiro Miwa',1935,NULL),
	 ('nm0594335','Kazuo Miyagawa',1908,1999),
	 ('nm0594503','Hayao Miyazaki',1941,NULL),
	 ('nm0596240','Shantanu Moitra',NULL,NULL),
	 ('nm0596520','Gerald R. Molen',1935,NULL),
	 ('nm0598744','Ashley Montagu',1905,1999),
	 ('nm0598971','Yves Montand',1921,1991),
	 ('nm0599983','Félix Monti',1938,NULL);
INSERT INTO imdb.actors (imdb_id,name,birthYear,deathYear) VALUES
	 ('nm0600668','Moon So-ri',1974,NULL),
	 ('nm0602885','Jonah Moran',NULL,NULL),
	 ('nm0602941','Nick Moran',1969,NULL),
	 ('nm0604948','Peter Morgan',1963,NULL),
	 ('nm0605270','Masayuki Mori',1911,1973),
	 ('nm0606211','Mario Morra',1935,NULL),
	 ('nm0606640','Jim Morris',NULL,NULL),
	 ('nm0607185','Jennifer Morrison',1979,NULL),
	 ('nm0607694','Fulvio Morsella',NULL,2002),
	 ('nm0607865','Emily Mortimer',1971,NULL);
INSERT INTO imdb.actors (imdb_id,name,birthYear,deathYear) VALUES
	 ('nm0609212','Matías Mosteirín',1974,NULL),
	 ('nm0609404','Sôjirô Motoki',1914,1977),
	 ('nm0610115','Marcel Moussy',1924,1995),
	 ('nm0612199','Melissa Müller',NULL,NULL),
	 ('nm0612322','Robert Mulligan',1925,2008),
	 ('nm0613364','Maksim Munzuk',1910,1999),
	 ('nm0613499','Yoshirô Muraki',1924,2009),
	 ('nm0614107','Bill Murphy',NULL,NULL),
	 ('nm0614373','John Murphy',1965,NULL),
	 ('nm0614677','Rosemary Murphy',1925,2014);
INSERT INTO imdb.actors (imdb_id,name,birthYear,deathYear) VALUES
	 ('nm0615306','Tom Murray',1873,1935),
	 ('nm0616026','Antonio Musu',1916,1979),
	 ('nm0616729','Harry Myers',1882,1938),
	 ('nm0618057','Ulrich Mühe',1953,2007),
	 ('nm0619330','Yuriy Nagibin',1920,1994),
	 ('nm0619870','Mohammad Amir Naji',NULL,NULL),
	 ('nm0619938','Tatsuya Nakadai',1932,NULL),
	 ('nm0620014','Asakazu Nakai',1901,1988),
	 ('nm0621586','Sylvia Nasar',1947,NULL),
	 ('nm0622288','Jeff Nathanson',1965,NULL);
INSERT INTO imdb.actors (imdb_id,name,birthYear,deathYear) VALUES
	 ('nm0622296','Michael G. Nathanson',NULL,NULL),
	 ('nm0622782','Javier Navarrete',1956,NULL),
	 ('nm0622838','Bertha Navarro',NULL,NULL),
	 ('nm0628704','Jinpachi Nezu',1947,2016),
	 ('nm0629272','Andrew Niccol',1964,NULL),
	 ('nm0629933','William Nicholson',1948,NULL),
	 ('nm0630119','Willard Nico',1897,1967),
	 ('nm0633792','Kôgo Noda',1893,1968),
	 ('nm0634159','Philippe Noiret',1930,2006),
	 ('nm0634240','Christopher Nolan',1970,NULL);
INSERT INTO imdb.actors (imdb_id,name,birthYear,deathYear) VALUES
	 ('nm0634300','Jonathan Nolan',1976,NULL),
	 ('nm0635059','Erik Nordgren',1913,1992),
	 ('nm0636435','Akiyuki Nosaka',1930,2015),
	 ('nm0639321','Dan O''Bannon',1946,2009),
	 ('nm0640334','Gavin O''Connor',1963,NULL),
	 ('nm0640345','Greg O''Connor',NULL,NULL),
	 ('nm0641939','Ryan O''Neal',1941,NULL),
	 ('nm0642714','Sam O''Steen',1923,2000),
	 ('nm0642988','Jack Oakie',1903,1978),
	 ('nm0643553','Lynda Obst',NULL,NULL);
INSERT INTO imdb.actors (imdb_id,name,birthYear,deathYear) VALUES
	 ('nm0644823','Hideo Oguni',1904,1996),
	 ('nm0645683','Sophie Okonedo',1968,NULL),
	 ('nm0645777','Atsushi Okui',NULL,NULL),
	 ('nm0647970','Nancy Olson',1928,NULL),
	 ('nm0650038','Lorne Orleans',NULL,NULL),
	 ('nm0650581','Mary Orr',1910,2006),
	 ('nm0651614','Barrie M. Osborne',1944,NULL),
	 ('nm0652226','Claudie Ossard',1943,NULL),
	 ('nm0653211','John Ottman',1964,NULL),
	 ('nm0653942','Frank Overton',1918,1967);
INSERT INTO imdb.actors (imdb_id,name,birthYear,deathYear) VALUES
	 ('nm0654868','Yasujirô Ozu',1903,1963),
	 ('nm0657333','Chuck Palahniuk',1962,NULL),
	 ('nm0660031','Vanna Paoli',NULL,NULL),
	 ('nm0661406','David Parfitt',1958,NULL),
	 ('nm0661791','Park Chan-wook',1963,NULL),
	 ('nm0662223','Eleanor Parker',1922,2013),
	 ('nm0662748','Walter F. Parkes',1951,NULL),
	 ('nm0668914','Donn Pearce',1928,2017),
	 ('nm0669311','Keir Pearson',NULL,NULL),
	 ('nm0672459','David Webb Peoples',1940,NULL);
INSERT INTO imdb.actors (imdb_id,name,birthYear,deathYear) VALUES
	 ('nm0675356','William P. Perry',NULL,NULL),
	 ('nm0678014','Peter Savage',1920,1981),
	 ('nm0678202','Viktor Petrov',1947,2014),
	 ('nm0678911','John Peverall',1931,2009),
	 ('nm0680539','Julia Phillips',1944,2002),
	 ('nm0680635','Michael Phillips',1943,NULL),
	 ('nm0680846','Todd Phillips',1970,NULL),
	 ('nm0680983','Elliot Page',1987,NULL),
	 ('nm0682757','Frank Pierson',1925,2012),
	 ('nm0683253','Rosamund Pike',1979,NULL);
INSERT INTO imdb.actors (imdb_id,name,birthYear,deathYear) VALUES
	 ('nm0683380','Nicholas Pileggi',1933,NULL),
	 ('nm0687189','Suzanne Pleshette',1937,2008),
	 ('nm0688361','Bill Pohlad',NULL,NULL),
	 ('nm0689661','Gordon Pollock',1897,1962),
	 ('nm0690143','Erich Pommer',1889,1966),
	 ('nm0690597','Gillo Pontecorvo',1919,2006),
	 ('nm0690720','Giuseppe Ponturo',NULL,NULL),
	 ('nm0691555','Nils Poppe',1908,2000),
	 ('nm0701012','Edna Purviance',1895,1958),
	 ('nm0701374','Mario Puzo',1920,1999);
INSERT INTO imdb.actors (imdb_id,name,birthYear,deathYear) VALUES
	 ('nm0702036','Fernando Pérez Unda',NULL,NULL),
	 ('nm0702541','Hanno Pöschl',1949,NULL),
	 ('nm0705356','Daniel Radcliffe',1989,NULL),
	 ('nm0706368','George Raft',1901,1980),
	 ('nm0706567','Pablo Rago',1972,NULL),
	 ('nm0710020','Joe Ranft',1960,2005),
	 ('nm0711235','Fred Raskin',1973,NULL),
	 ('nm0714114','Jim Reardon',NULL,NULL),
	 ('nm0714377','Evanthia Reboutsika',1958,NULL),
	 ('nm0714793','Quinn K. Redeker',1936,NULL);
INSERT INTO imdb.actors (imdb_id,name,birthYear,deathYear) VALUES
	 ('nm0715346','Carol Reed',1906,1976),
	 ('nm0719673','Stephen Rennicks',NULL,NULL),
	 ('nm0722000','William Reynolds',1910,1997),
	 ('nm0722636','John Rhys-Davies',1944,NULL),
	 ('nm0724744','Robert Richardson',1955,NULL),
	 ('nm0725220','Daniel Richter',1939,NULL),
	 ('nm0725543','Don Rickles',1926,2017),
	 ('nm0725983','John Ridley',1964,NULL),
	 ('nm0728307','Robert Riskin',1897,1955),
	 ('nm0728812','Thelma Ritter',1902,1969);
INSERT INTO imdb.actors (imdb_id,name,birthYear,deathYear) VALUES
	 ('nm0734441','Robert Rodat',1953,NULL),
	 ('nm0734870','Aleksey Rodionov',1947,NULL),
	 ('nm0737582','Günter Rohrbach',1928,NULL),
	 ('nm0738603','Giovanna Romagnoli',NULL,NULL),
	 ('nm0739661','John Romita Sr.',1930,NULL),
	 ('nm0741013','Oscar Rosander',1901,1971),
	 ('nm0741627','Reginald Rose',1920,2002),
	 ('nm0742276','Martin Rosenberg',NULL,NULL),
	 ('nm0742341','Stuart Rosenberg',1927,2007),
	 ('nm0742347','Tom Rosenberg',NULL,NULL);
INSERT INTO imdb.actors (imdb_id,name,birthYear,deathYear) VALUES
	 ('nm0742475','Steven Rosenblum',NULL,NULL),
	 ('nm0744384','Christophe Rossignon',NULL,NULL),
	 ('nm0744429','Terry Rossio',1960,NULL),
	 ('nm0744834','Eli Roth',1972,NULL),
	 ('nm0744839','Eric Roth',1945,NULL),
	 ('nm0746273','Charles Roven',1949,NULL),
	 ('nm0746830','J.K. Rowling',1965,NULL),
	 ('nm0747941','Bruno Rubeo',1946,2011),
	 ('nm0748035','Danny Rubin',1957,NULL),
	 ('nm0748665','Albert S. Ruddy',1930,NULL);
INSERT INTO imdb.actors (imdb_id,name,birthYear,deathYear) VALUES
	 ('nm0748784','Scott Rudin',1958,NULL),
	 ('nm0749263','Mark Ruffalo',1967,NULL),
	 ('nm0749363','Rufus',1942,NULL),
	 ('nm0753083','Aaron Ryder',NULL,NULL),
	 ('nm0753276','Ulla Ryghe',1924,2011),
	 ('nm0753479','Chishû Ryû',1904,1993),
	 ('nm0753480','Daisuke Ryû',1957,2021),
	 ('nm0753526','RZA',1969,NULL),
	 ('nm0753716','Albert Rémy',1915,1967),
	 ('nm0754272','Yacef Saadi',1928,2021);
INSERT INTO imdb.actors (imdb_id,name,birthYear,deathYear) VALUES
	 ('nm0755403','Yutaka Sada',1911,2017),
	 ('nm0755868','Hayedeh Safiyari',NULL,NULL),
	 ('nm0756907','Takanobu Saitô',1924,2004),
	 ('nm0757076','Chika Sakamoto',1959,NULL),
	 ('nm0758357','Franco Solinas',1927,1982),
	 ('nm0760778','Fatima Sana Shaikh',1992,NULL),
	 ('nm0761744','Tim Sanders',NULL,NULL),
	 ('nm0761866','Tiny Sandford',1894,1961),
	 ('nm0762674','Jonathan Sanger',1944,NULL),
	 ('nm0763395','Gustavo Santaolalla',1951,NULL);
INSERT INTO imdb.actors (imdb_id,name,birthYear,deathYear) VALUES
	 ('nm0764963','Alain Sarde',1952,NULL),
	 ('nm0766496','Masaru Satô',1928,1999),
	 ('nm0767894','Pilar Savone',NULL,NULL),
	 ('nm0768324','Edward Saxon',NULL,NULL),
	 ('nm0768817','Pietro Scalia',1960,NULL),
	 ('nm0769249','Furio Scarpelli',1919,2010),
	 ('nm0770650','Andrew Scheinman',1948,NULL),
	 ('nm0770938','Robert Schenkkan',1953,NULL),
	 ('nm0772834','Arthur P. Schmidt',1912,1965),
	 ('nm0773138','Ole Schmidt',1928,2010);
INSERT INTO imdb.actors (imdb_id,name,birthYear,deathYear) VALUES
	 ('nm0773685','Hervé Schneid',1956,NULL),
	 ('nm0774817','Thelma Schoonmaker',1940,NULL),
	 ('nm0775443','Adam Schroeder',NULL,NULL),
	 ('nm0775977','Budd Schulberg',1914,2009),
	 ('nm0776114','Tom Schulman',1950,NULL),
	 ('nm0776914','Maurice Schutz',1866,1955),
	 ('nm0781245','Bahare Seddiqi',NULL,NULL),
	 ('nm0782900','Andrzej Sekula',1954,NULL),
	 ('nm0782968','Hubert Selby Jr.',1928,2004),
	 ('nm0783280','JoAnne Sellar',NULL,NULL);
INSERT INTO imdb.actors (imdb_id,name,birthYear,deathYear) VALUES
	 ('nm0785385','Éric Serra',1959,NULL),
	 ('nm0786022','Roshan Seth',1942,NULL),
	 ('nm0786707','Takeshi Seyama',NULL,NULL),
	 ('nm0787323','Peter Shaffer',1926,2016),
	 ('nm0788170','Ravi Shankar',1920,2012),
	 ('nm0792049','Stacey Sher',1962,NULL),
	 ('nm0792845','Robert E. Sherwood',1896,1955),
	 ('nm0793616','Yukiko Shimazaki',1931,NULL),
	 ('nm0793766','Takashi Shimura',1905,1982),
	 ('nm0793881','Kaneto Shindô',1912,2012);
INSERT INTO imdb.actors (imdb_id,name,birthYear,deathYear) VALUES
	 ('nm0794002','Yoshiko Shinohara',NULL,NULL),
	 ('nm0794174','Hisao Shirai',1946,2019),
	 ('nm0794186','Ayano Shiraishi',NULL,NULL),
	 ('nm0795953','Ronald Shusett',1935,NULL),
	 ('nm0796062','Isaac Schwarts',1923,2009),
	 ('nm0796117','M. Night Shyamalan',1970,NULL),
	 ('nm0797889','Serge Silberman',1917,2003),
	 ('nm0798564','Eugene Silvain',1851,1930),
	 ('nm0798788','Scott Silver',NULL,NULL),
	 ('nm0799777','J.K. Simmons',1955,NULL);
INSERT INTO imdb.actors (imdb_id,name,birthYear,deathYear) VALUES
	 ('nm0800943','Claire Simpson',NULL,NULL),
	 ('nm0801184','Robert L. Simpson',1910,1977),
	 ('nm0801728','Stephen Sinclair',NULL,NULL),
	 ('nm0801737','Upton Sinclair',1878,1968),
	 ('nm0802563','Robert Siodmak',1900,1973),
	 ('nm0803705','Victor Sjöström',1879,1960),
	 ('nm0809059','Lee Smith',1960,NULL),
	 ('nm0813272','Yuriy Solomin',1935,NULL),
	 ('nm0814280','Song Kang-ho',1967,NULL),
	 ('nm0816143','Terry Southern',1924,1995);
INSERT INTO imdb.actors (imdb_id,name,birthYear,deathYear) VALUES
	 ('nm0817929','Dorothy Spencer',1909,2002),
	 ('nm0818055','Octavia Spencer',1970,NULL),
	 ('nm0818545','Sam Spiegel',1901,1985),
	 ('nm0821041','Robert Stack',1919,2003),
	 ('nm0821543','Enzo Staiola',1939,NULL),
	 ('nm0823330','Steve Starkey',NULL,NULL),
	 ('nm0823435','Diego Starosta',NULL,NULL),
	 ('nm0825010','Joseph Stefano',1922,2006),
	 ('nm0825705','John Steinbeck',1902,1968),
	 ('nm0827821','Philip Van Doren Stern',1900,1984);
INSERT INTO imdb.actors (imdb_id,name,birthYear,deathYear) VALUES
	 ('nm0827869','Tom Stern',1946,NULL),
	 ('nm0828630','Michael Stevens',NULL,NULL),
	 ('nm0829054','Scott Stevenson',NULL,NULL),
	 ('nm0829681','Missy Stewart',NULL,NULL),
	 ('nm0835365','Karl Struss',1886,1981),
	 ('nm0835732','Jeb Stuart',1956,NULL),
	 ('nm0836328','John Sturges',1910,1992),
	 ('nm0837386','Michael Sugar',NULL,NULL),
	 ('nm0840699','Toshio Suzuki',1948,NULL),
	 ('nm0841501','Mack Swain',1876,1935);
INSERT INTO imdb.actors (imdb_id,name,birthYear,deathYear) VALUES
	 ('nm0841797','Gloria Swanson',1899,1983),
	 ('nm0842485','Jo Swerling',1893,1964),
	 ('nm0843213','William Sylvester',1922,1995),
	 ('nm0844262','Wladyslaw Szpilman',1911,2000),
	 ('nm0846480','Cary-Hiroyuki Tagawa',1950,NULL),
	 ('nm0846548','Saïd Taghmaoui',1973,NULL),
	 ('nm0847054','Hitoshi Takagi',1925,2004),
	 ('nm0847223','Isao Takahata',1935,2018),
	 ('nm0847668','Yasuhiko Takiguchi',1924,2004),
	 ('nm0848217','Ted Tally',1952,NULL);
INSERT INTO imdb.actors (imdb_id,name,birthYear,deathYear) VALUES
	 ('nm0848533','Tetsurô Tanba',1922,2006),
	 ('nm0848984','Haruo Tanaka',1912,1992),
	 ('nm0849083','Tomoyuki Tanaka',1910,1997),
	 ('nm0849100','Yûko Tanaka',1955,NULL),
	 ('nm0849222','Yohei Taneda',NULL,NULL),
	 ('nm0851302','Tsutomu Tatsumi',NULL,NULL),
	 ('nm0851582','Audrey Tautou',1976,NULL),
	 ('nm0852405','Gilbert Taylor',1914,2013),
	 ('nm0853111','Ronnie Taylor',1924,2018),
	 ('nm0853138','Samuel A. Taylor',1912,2000);
INSERT INTO imdb.actors (imdb_id,name,birthYear,deathYear) VALUES
	 ('nm0853238','Tate Taylor',1969,NULL),
	 ('nm0854991','Jayne-Ann Tenggren',1967,NULL),
	 ('nm0855417','Akira Terao',1947,NULL),
	 ('nm0856842','William Makepeace Thackeray',1811,1863),
	 ('nm0858329','Robert Thoeren',1903,1957),
	 ('nm0858799','Emma Thomas',1971,NULL),
	 ('nm0858977','Jameson Thomas',1888,1939),
	 ('nm0859471','Roy Thomas',1940,NULL),
	 ('nm0859597','Tony Thomas',1948,NULL),
	 ('nm0860292','Jim Thompson',1906,1977);
INSERT INTO imdb.actors (imdb_id,name,birthYear,deathYear) VALUES
	 ('nm0861636','Roderick Thorp',1936,1999),
	 ('nm0862026','Ingrid Thulin',1926,2004),
	 ('nm0862961','Yann Tiersen',1970,NULL),
	 ('nm0863374','Emma Tillinger Koskoff',NULL,NULL),
	 ('nm0864997','Stephen Tobolowsky',1951,NULL),
	 ('nm0865189','Jennifer Todd',1969,NULL),
	 ('nm0865297','Suzanne Todd',1965,NULL),
	 ('nm0865949','Goya Toledo',1969,NULL),
	 ('nm0866058','J.R.R. Tolkien',1892,1973),
	 ('nm0866462','George Tomasini',1909,1964);
INSERT INTO imdb.actors (imdb_id,name,birthYear,deathYear) VALUES
	 ('nm0867391','Eijirô Tôno',1907,1994),
	 ('nm0867768','Jenno Topping',NULL,NULL),
	 ('nm0868153','Giuseppe Tornatore',1956,NULL),
	 ('nm0868219','Guillermo del Toro',1964,NULL),
	 ('nm0868872','Frida Torresblanco',NULL,NULL),
	 ('nm0870660','Armitage Trail',1902,1930),
	 ('nm0871252','B. Traven',1882,1969),
	 ('nm0872375','Frederick Treves',1853,1923),
	 ('nm0875362','Yôko Tsukasa',1934,NULL),
	 ('nm0875477','Keiko Tsushima',1926,2012);
INSERT INTO imdb.actors (imdb_id,name,birthYear,deathYear) VALUES
	 ('nm0876300','Ulrich Tukur',1957,NULL),
	 ('nm0876562','Karl Tunberg',1909,1992),
	 ('nm0877274','Lawrence Turman',1926,NULL),
	 ('nm0880243','Jim Uhls',1957,NULL),
	 ('nm0880521','Liv Ullmann',1938,NULL),
	 ('nm0881279','Lee Unkrich',1967,NULL),
	 ('nm0882588','Kenneth Utt',1921,1994),
	 ('nm0883603','David Valdes',1950,NULL),
	 ('nm0885014','Nick Vallelonga',1959,NULL),
	 ('nm0885098','Alida Valli',1921,2006);
INSERT INTO imdb.actors (imdb_id,name,birthYear,deathYear) VALUES
	 ('nm0886870','Peter van Eyck',1911,1969),
	 ('nm0887227','Hoyte Van Hoytema',1971,NULL),
	 ('nm0889024','Charles Vanel',1892,1989),
	 ('nm0891216','Matthew Vaughn',1971,NULL),
	 ('nm0893659','Gore Verbinski',1964,NULL),
	 ('nm0893941','Maribel Verdú',1970,NULL),
	 ('nm0897640','Mónica Villa',1954,NULL),
	 ('nm0897845','Soledad Villamil',1969,NULL),
	 ('nm0898288','Denis Villeneuve',1967,NULL),
	 ('nm0898634','Frank Vincent',1937,2017);
INSERT INTO imdb.actors (imdb_id,name,birthYear,deathYear) VALUES
	 ('nm0898812','Luciano Vincenzoni',1926,2013),
	 ('nm0899121','Thomas Vinterberg',1969,NULL),
	 ('nm0900840','P.J. Voeten',NULL,NULL),
	 ('nm0902129','Burkhard von Dallwitz',1959,NULL),
	 ('nm0902376','Thea von Harbou',1888,1954),
	 ('nm0903125','Maria von Trapp',1905,1987),
	 ('nm0905152','Lilly Wachowski',1967,NULL),
	 ('nm0905154','Lana Wachowski',1965,NULL),
	 ('nm0906307','Lennart Wallén',1914,1967),
	 ('nm0906618','Malcolm Waite',1892,1949);
INSERT INTO imdb.actors (imdb_id,name,birthYear,deathYear) VALUES
	 ('nm0907869','John Walker',1956,NULL),
	 ('nm0907900','Joseph Walker',1892,1985),
	 ('nm0908323','Anne Walker-McBay',NULL,NULL),
	 ('nm0908753','Lew Wallace',1827,1905),
	 ('nm0908824','Randall Wallace',1949,NULL),
	 ('nm0908919','Eli Wallach',1915,2014),
	 ('nm0909638','Fran Walsh',1959,NULL),
	 ('nm0910607','Christoph Waltz',1956,NULL),
	 ('nm0911486','David S. Ward',1945,NULL),
	 ('nm0913300','David Wasco',NULL,NULL);
INSERT INTO imdb.actors (imdb_id,name,birthYear,deathYear) VALUES
	 ('nm0913346','Deric Washburn',NULL,NULL),
	 ('nm0913488','Kerry Washington',1977,NULL),
	 ('nm0913670','Dale Wasserman',1914,2008),
	 ('nm0913822','Ken Watanabe',1959,NULL),
	 ('nm0914612','Emma Watson',1990,NULL),
	 ('nm0914615','Eric Watson',NULL,NULL),
	 ('nm0915226','Robert Watts',1938,NULL),
	 ('nm0915989','Hugo Weaving',1960,NULL),
	 ('nm0917942','Dan Weil',NULL,NULL),
	 ('nm0918083','Len Wein',1948,2017);
INSERT INTO imdb.actors (imdb_id,name,birthYear,deathYear) VALUES
	 ('nm0920543','Irvine Welsh',1958,NULL),
	 ('nm0921044','Klaus Wennemann',1940,2000),
	 ('nm0921305','Lars Johan Werle',1926,2001),
	 ('nm0921532','Otto Wernicke',1893,1965),
	 ('nm0921853','Charles B. Wessler',NULL,NULL),
	 ('nm0922279','Palmer West',NULL,NULL),
	 ('nm0923118','James Duhamel',NULL,NULL),
	 ('nm0923736','Joss Whedon',1964,NULL),
	 ('nm0926824','Douglas Wick',NULL,NULL),
	 ('nm0927145','Ellen Widmann',1894,1985);
INSERT INTO imdb.actors (imdb_id,name,birthYear,deathYear) VALUES
	 ('nm0927270','Max Wiedemann',1977,NULL),
	 ('nm0929489','Tom Wilkinson',1948,NULL),
	 ('nm0929609','Fred Willard',1933,2020),
	 ('nm0930119','Billy Williams',1929,NULL),
	 ('nm0931324','Michael Kenneth Williams',1966,2021),
	 ('nm0931404','Olivia Williams',1968,NULL),
	 ('nm0932229','Calder Willingham',1922,1995),
	 ('nm0932336','Gordon Willis',1931,2014),
	 ('nm0933604','Jim Wilson',NULL,NULL),
	 ('nm0933858','Michael Wilson',1914,1978);
INSERT INTO imdb.actors (imdb_id,name,birthYear,deathYear) VALUES
	 ('nm0934902','Paul Winfield',1939,2004),
	 ('nm0936404','Robert Wise',1914,2005),
	 ('nm0936537','William Wisher',NULL,NULL),
	 ('nm0938684','Jay Wolpert',1942,2022),
	 ('nm0941280','Cornell Woolrich',1903,1968),
	 ('nm0941777','Sam Worthington',1976,NULL),
	 ('nm0942863','Teresa Wright',1918,2005),
	 ('nm0943758','William Wyler',1902,1981),
	 ('nm0943978','Keenan Wynn',1916,1986),
	 ('nm0945312','Akemi Yamaguchi',NULL,NULL);
INSERT INTO imdb.actors (imdb_id,name,birthYear,deathYear) VALUES
	 ('nm0945499','Takeshi Yamamoto',NULL,NULL),
	 ('nm0945522','Sô Yamamura',1910,2000),
	 ('nm0945897','Oleg Yanchenko',1939,2002),
	 ('nm0946734','David Yates',1963,NULL),
	 ('nm0949167','Yoo Ji-Tae',1976,NULL),
	 ('nm0949350','Burt Young',1940,NULL),
	 ('nm0950391','Marie-Josèphe Yoyotte',1929,2017),
	 ('nm0951598','Stephan Zacharias',1956,NULL),
	 ('nm0951763','Saul Zaentz',1921,2014),
	 ('nm0953123','Darryl F. Zanuck',1902,1979);
INSERT INTO imdb.actors (imdb_id,name,birthYear,deathYear) VALUES
	 ('nm0953790','Cesare Zavattini',1902,1989),
	 ('nm0959003','Stefan Zweig',1881,1942),
	 ('nm0989434','Federico Jusid',1973,NULL),
	 ('nm0990547','Daniel Mays',1978,NULL),
	 ('nm0991810','Mahershala Ali',1974,NULL),
	 ('nm0997115','Miyu Irino',1988,NULL),
	 ('nm0997224','Dong-Joo Kim',NULL,NULL),
	 ('nm1002038','Çetin Tekindor',1945,NULL),
	 ('nm1003922','Brian Oliver',1971,NULL),
	 ('nm1010405','Nick Schenk',NULL,NULL);
INSERT INTO imdb.actors (imdb_id,name,birthYear,deathYear) VALUES
	 ('nm1010540','Terence Winter',1960,NULL),
	 ('nm10113618','Kwak Sin-ae',NULL,NULL),
	 ('nm1011849','Sisse Graum Jørgensen',1972,NULL),
	 ('nm10201625','Kawsar Al Haddad',NULL,NULL),
	 ('nm1023204','Ben Davis',1961,NULL),
	 ('nm1027682','Frank Aderias',NULL,NULL),
	 ('nm1033900','Jack Adams',1879,NULL),
	 ('nm1038805','Clark Cheng',NULL,NULL),
	 ('nm1040556','Jon Krakauer',1954,NULL),
	 ('nm1046097','Rachel McAdams',1978,NULL);
INSERT INTO imdb.actors (imdb_id,name,birthYear,deathYear) VALUES
	 ('nm1047603','Jerry Robinson',1922,2011),
	 ('nm1049433','Lenny Abrahamson',1966,NULL),
	 ('nm1055413','Michael Fassbender',1977,NULL),
	 ('nm1055564','Grégoire Hetzel',NULL,NULL),
	 ('nm1064118','Georges Arnaud',1917,1987),
	 ('nm10663088','Simon Friend',NULL,NULL),
	 ('nm1086687','Masanobu Takayanagi',NULL,NULL),
	 ('nm1098479','Justin Marks',NULL,NULL),
	 ('nm1098869','Stéphane Moucha',NULL,NULL),
	 ('nm1103781','Arnold Messer',NULL,NULL);
INSERT INTO imdb.actors (imdb_id,name,birthYear,deathYear) VALUES
	 ('nm1125169','Assassin',NULL,NULL),
	 ('nm1126340','Ryûnosuke Kamiki',1993,NULL),
	 ('nm1126657','George MacKay',1992,NULL),
	 ('nm1127221','Stan Redding',NULL,NULL),
	 ('nm11306825','Moon Yang Kwon',NULL,NULL),
	 ('nm1138201','Jae-ho Song',1937,2020),
	 ('nm1147210','Mark Henley',1955,NULL),
	 ('nm1154184','Jon Harris',1967,NULL),
	 ('nm1165110','Chris Hemsworth',1983,NULL),
	 ('nm1167933','Damián Szifron',1975,NULL);
INSERT INTO imdb.actors (imdb_id,name,birthYear,deathYear) VALUES
	 ('nm1168510','Diana Wynne Jones',1934,2011),
	 ('nm1184258','William Monahan',1960,NULL),
	 ('nm1185849','Solomon Northup',1808,1863),
	 ('nm1195119','Kim Min-hee',1982,NULL),
	 ('nm1195302','Louise Lemoine Torrès',NULL,NULL),
	 ('nm1208167','Diane Kruger',1976,NULL),
	 ('nm1212331','Dennis Lehane',1965,NULL),
	 ('nm1212722','Benedict Cumberbatch',1976,NULL),
	 ('nm1218281','Jon Watts',1981,NULL),
	 ('nm1224245','Jesper Kyd',1972,NULL);
INSERT INTO imdb.actors (imdb_id,name,birthYear,deathYear) VALUES
	 ('nm1235292','Kim Sang-kyung',1972,NULL),
	 ('nm1238855','Germán Servidio',1982,NULL),
	 ('nm1244349','Dale Cornelius',NULL,NULL),
	 ('nm1250070','Jeremy Kleiner',NULL,NULL),
	 ('nm1256532','Jon Bernthal',1976,NULL),
	 ('nm1258797','Sarah Waters',1966,NULL),
	 ('nm1273099','Erik Sommers',NULL,NULL),
	 ('nm1276196','Vladimir Khrulyov',1941,NULL),
	 ('nm1285750','Andrew Jimenez',NULL,NULL),
	 ('nm1297015','Emma Stone',1988,NULL);
INSERT INTO imdb.actors (imdb_id,name,birthYear,deathYear) VALUES
	 ('nm1310525','Sun-kyun Lee',1975,NULL),
	 ('nm1312575','Olivia Wilde',1984,NULL),
	 ('nm13222819','Rajendra Sapre',NULL,NULL),
	 ('nm1323233','Mustafa Kamel',NULL,NULL),
	 ('nm1323286','Kwang-rim Kim',NULL,NULL),
	 ('nm1323287','Roe-ha Kim',1965,NULL),
	 ('nm1329482','Bradley J. Fischer',NULL,NULL),
	 ('nm1347153','Tyler Perry',1969,NULL),
	 ('nm1366028','Kim Byeong-Ok',1960,NULL),
	 ('nm1367246','Kang Hye-jeong',1982,NULL);
INSERT INTO imdb.actors (imdb_id,name,birthYear,deathYear) VALUES
	 ('nm1367409','Joon-hyung Lim',NULL,NULL),
	 ('nm1367410','Syd Lim',NULL,NULL),
	 ('nm1369364','Jo-yun Hwang',NULL,NULL),
	 ('nm1396121','Makoto Shinkai',1973,NULL),
	 ('nm1396406','Jong-yun No',NULL,NULL),
	 ('nm1401820','Charlotte Bruus Christensen',1978,NULL),
	 ('nm1410028','Pierre Bismuth',1953,NULL),
	 ('nm1410815','Asghar Farhadi',1972,NULL),
	 ('nm1416431','Wajdi Mouawad',NULL,NULL),
	 ('nm1419440','Ivana Baquero',1994,NULL);
INSERT INTO imdb.actors (imdb_id,name,birthYear,deathYear) VALUES
	 ('nm1421308','Blye Pagon Faust',NULL,NULL),
	 ('nm1421814','Suriya',1975,NULL),
	 ('nm1463981','Cagan Irmak',1970,NULL),
	 ('nm1469236','Olivia Colman',1974,NULL),
	 ('nm1480980','Emma Donoghue',1969,NULL),
	 ('nm1486911','Shahab Hosseini',1974,NULL),
	 ('nm1487566','Keyvan Moghaddam',NULL,NULL),
	 ('nm1490949','Michel Litvak',NULL,NULL),
	 ('nm1495520','Caitríona Balfe',1979,NULL),
	 ('nm1502434','Leslie Odom Jr.',1981,NULL);
INSERT INTO imdb.actors (imdb_id,name,birthYear,deathYear) VALUES
	 ('nm1542291','Christopher Carley',1978,NULL),
	 ('nm1566098','Ned Lott',NULL,NULL),
	 ('nm1567113','Jessica Chastain',1977,NULL),
	 ('nm1578335','Michael Arndt',1965,NULL),
	 ('nm1587175','Mona Singh',1981,NULL),
	 ('nm1628380','Garon Tsuchiya',NULL,NULL),
	 ('nm1646563','Sung-bo Shim',NULL,NULL),
	 ('nm1699911','Sukru Avsar',NULL,NULL),
	 ('nm1701024','Nadine Labaki',1974,NULL),
	 ('nm1706767','Jonah Hill',1983,NULL);
INSERT INTO imdb.actors (imdb_id,name,birthYear,deathYear) VALUES
	 ('nm1724319','Sebastian Maniscalco',1973,NULL),
	 ('nm1725469','Florian Zeller',1979,NULL),
	 ('nm1732981','Martin McDonagh',1970,NULL),
	 ('nm1733243','Jeffrey Seller',NULL,NULL),
	 ('nm1793993','Christopher Priest',1943,NULL),
	 ('nm1796730','Xolani Mali',NULL,NULL),
	 ('nm1802857','Josh Singer',NULL,NULL),
	 ('nm1813015','Kaki King',1979,NULL),
	 ('nm1818216','Payman Maadi',1970,NULL),
	 ('nm1848588','Khaled Mouzanar',NULL,NULL);
INSERT INTO imdb.actors (imdb_id,name,birthYear,deathYear) VALUES
	 ('nm1856097','Yeo-jeong Cho',1981,NULL),
	 ('nm1858656','Peter Chernin',1951,NULL),
	 ('nm1886602','Miles Teller',1987,NULL),
	 ('nm1940449','Andrew Garfield',1983,NULL),
	 ('nm1941029','Seo-kyeong Jeong',NULL,NULL),
	 ('nm1954240','Teresa Palmer',1986,NULL),
	 ('nm1973308','Álvaro Augustin',NULL,NULL),
	 ('nm1978402','Ha Jung-woo',1978,NULL),
	 ('nm2010670','David Korins',NULL,NULL),
	 ('nm2020015','Ege Tanman',1998,NULL);
INSERT INTO imdb.actors (imdb_id,name,birthYear,deathYear) VALUES
	 ('nm2057405','Nobuaki Minegishi',NULL,NULL),
	 ('nm2105255','Sarah Roemer',1984,NULL),
	 ('nm2105585','Tobias Lindholm',1977,NULL),
	 ('nm2110175','Joey McFarland',NULL,NULL),
	 ('nm2111404','Sandro Forte',1970,2020),
	 ('nm2122662','Ridvan Ülgen',NULL,NULL),
	 ('nm2124742','Stephen P. Lindsey',NULL,NULL),
	 ('nm2140746','Nicole Rocklin',1979,NULL),
	 ('nm2148374','Afro Celt Sound System',NULL,NULL),
	 ('nm2197915','Michio Mamiya',1929,NULL);
INSERT INTO imdb.actors (imdb_id,name,birthYear,deathYear) VALUES
	 ('nm2221807','Adam Kolbrenner',NULL,NULL),
	 ('nm2243405','Kivanç Ilgüner',NULL,NULL),
	 ('nm2262509','Steven Rales',NULL,NULL),
	 ('nm2264184','Elissa Knight',1975,NULL),
	 ('nm2331222','David Lloyd',1950,NULL),
	 ('nm2368789','Zoë Kravitz',1988,NULL),
	 ('nm2371802','Thomas Kail',NULL,NULL),
	 ('nm2375857','Ron Chernow',NULL,NULL),
	 ('nm2437361','Cho Jin-woong',1976,NULL),
	 ('nm2450453','Hugo Guinness',1959,NULL);
INSERT INTO imdb.actors (imdb_id,name,birthYear,deathYear) VALUES
	 ('nm2535022','Philip King',NULL,NULL),
	 ('nm2552034','Melissa Benoist',1988,NULL),
	 ('nm2588606','Steve McQueen',1969,NULL),
	 ('nm2615685','Helen Estabrook',NULL,NULL),
	 ('nm2655177','Caleb Landry Jones',1989,NULL),
	 ('nm2663731','Vicki Shigekuni Wong',NULL,NULL),
	 ('nm2676052','Joseph Kosinski',1974,NULL),
	 ('nm2746459','Chetan Bhagat',1974,NULL),
	 ('nm2756662','Gerald Thompson',NULL,NULL),
	 ('nm2759610','Georges Khabbaz',NULL,NULL);
INSERT INTO imdb.actors (imdb_id,name,birthYear,deathYear) VALUES
	 ('nm2764802','Jihad Hojeily',NULL,NULL),
	 ('nm2799219','Sakshi Tanwar',1973,NULL),
	 ('nm2835616','Dean-Charles Chapman',1997,NULL),
	 ('nm2872491','Martin Stringer',NULL,NULL),
	 ('nm2929057','Genki Kawamura',NULL,NULL),
	 ('nm2933542','Boyd Holbrook',1981,NULL),
	 ('nm2976492','Aoi Yûki',1992,NULL),
	 ('nm3032965','Siddharth Roy Kapur',NULL,NULL),
	 ('nm3053338','Margot Robbie',1990,NULL),
	 ('nm3057402','Bee Vang',1991,NULL);
INSERT INTO imdb.actors (imdb_id,name,birthYear,deathYear) VALUES
	 ('nm3115704','Ahney Her',NULL,NULL),
	 ('nm3156436','Sattar Oraki',NULL,NULL),
	 ('nm3160078','Eduardo Sacheri',NULL,NULL),
	 ('nm3164738','Dave Johannson',NULL,NULL),
	 ('nm3225654','Justin Hurwitz',1985,NULL),
	 ('nm3227090','Damien Chazelle',1985,NULL),
	 ('nm3237775','Mackenzie Foy',2000,NULL),
	 ('nm3294574','Anthony Tambakis',1967,NULL),
	 ('nm3356206','Noritaka Kawaguchi',NULL,NULL),
	 ('nm3360706','Aaron Guzikowski',NULL,NULL);
INSERT INTO imdb.actors (imdb_id,name,birthYear,deathYear) VALUES
	 ('nm3478396','Luke Bracey',1989,NULL),
	 ('nm3510918','David Gross',NULL,NULL),
	 ('nm3543826','Kathryn Stockett',NULL,NULL),
	 ('nm3587952','Carla Quevedo',1988,NULL),
	 ('nm3591972','S.R. Kathir',NULL,NULL),
	 ('nm3760517','Atul Raninga',NULL,NULL),
	 ('nm3816287','Club Foot Orchestra',NULL,NULL),
	 ('nm3890871','John-Henry Butterworth',1976,NULL),
	 ('nm3918035','Zendaya',1996,NULL),
	 ('nm3929283','Kris Bowers',NULL,NULL);
INSERT INTO imdb.actors (imdb_id,name,birthYear,deathYear) VALUES
	 ('nm4034068','Valérie Beaugrand-Champagne',NULL,NULL),
	 ('nm4043618','Tom Holland',1996,NULL),
	 ('nm4265383','Riza Aziz',NULL,NULL),
	 ('nm4299147','Sareh Bayat',1979,NULL),
	 ('nm4318159','Nitesh Tiwari',NULL,NULL),
	 ('nm4377096','T.J. Gnanavel',NULL,NULL),
	 ('nm4752699','Michel Merkt',1972,NULL),
	 ('nm4759838','Mone Kamishiraishi',1998,NULL),
	 ('nm4880670','Krysty Wilson-Cairns',NULL,NULL),
	 ('nm5016878','Jacob Tremblay',2006,NULL);
INSERT INTO imdb.actors (imdb_id,name,birthYear,deathYear) VALUES
	 ('nm5038871','Annika Wedderkopp',2004,NULL),
	 ('nm5039026','Lasse Fogelstrøm',1996,NULL),
	 ('nm5058839','Gillian Flynn',1971,NULL),
	 ('nm5147232','Kôichirô Itô',NULL,NULL),
	 ('nm5623883','Phillipa Soo',1990,NULL),
	 ('nm5681967','Florence Lee',1864,1933),
	 ('nm5701899','Philomin Raj',NULL,NULL),
	 ('nm5939164','Zazie Beetz',1991,NULL),
	 ('nm6079248','Choi Woo-sik',1990,NULL),
	 ('nm6328029','Piyush Gupta',NULL,NULL);
INSERT INTO imdb.actors (imdb_id,name,birthYear,deathYear) VALUES
	 ('nm6328030','Nikhil Mehrotra',NULL,NULL),
	 ('nm6328031','Shreyas Jain',NULL,NULL),
	 ('nm6353027','Sean Roldan',NULL,NULL),
	 ('nm6748436','Dafne Keen',2005,NULL),
	 ('nm6954008','Ryô Narita',1993,NULL),
	 ('nm7621667','Sanya Malhotra',NULL,NULL),
	 ('nm7934649','Lijo Mol Jose',NULL,NULL),
	 ('nm8135195','Rajisha Vijayan',NULL,NULL),
	 ('nm8188622','Jacob Batalon',1996,NULL),
	 ('nm8243301','Han Jin-won',NULL,NULL);
INSERT INTO imdb.actors (imdb_id,name,birthYear,deathYear) VALUES
	 ('nm8661566','Rajshri Sudhakar',NULL,NULL),
	 ('nm8662749','Eric Monette',1967,NULL),
	 ('nm8823532','Katsuhiro Takei',NULL,NULL),
	 ('nm8885840','Jung Jae-il',NULL,NULL),
	 ('nm8904193','Manikandan K.',NULL,NULL),
	 ('nm9862858','Zain Al Rafeea',2004,NULL),
	 ('nm9862859','Yordanos Shiferaw',NULL,NULL),
	 ('nm9862860','Boluwatife Treasure Bankole',NULL,NULL),
	 ('nm9878616','Michelle Keserwany',NULL,NULL);

-- movies

INSERT INTO movies (imdb_id,title,year,image,runtime,description,director_id) VALUES
	 ('tt0111161','Cadena perpetua',1994,NULL,142,NULL,'nm0001104'),
	 ('tt0068646','El padrino',1972,NULL,175,NULL,'nm0000338'),
	 ('tt0468569','El caballero oscuro',2008,NULL,152,NULL,'nm0634240'),
	 ('tt0071562','El padrino (parte II)',1974,NULL,202,NULL,'nm0000338'),
	 ('tt0050083','12 hombres sin piedad',1957,NULL,96,NULL,'nm0001486'),
	 ('tt0108052','La lista de Schindler',1993,NULL,195,NULL,'nm0000229'),
	 ('tt0167260','El señor de los anillos: El retorno del rey',2003,NULL,201,NULL,'nm0001392'),
	 ('tt0110912','Pulp Fiction',1994,NULL,154,NULL,'nm0000233'),
	 ('tt0120737','El señor de los anillos: La comunidad del anillo',2001,NULL,178,NULL,'nm0001392'),
	 ('tt0060196',' El bueno, el feo y el malo',1966,NULL,161,NULL,'nm0001466');
INSERT INTO movies (imdb_id,title,year,image,runtime,description,director_id) VALUES
	 ('tt0109830','Forrest Gump',1994,NULL,142,NULL,'nm0000709'),
	 ('tt0137523','El club de la lucha',1999,NULL,139,NULL,'nm0000399'),
	 ('tt0167261','El señor de los anillos: Las dos torres',2002,NULL,179,NULL,'nm0001392'),
	 ('tt1375666','Origen',2010,NULL,148,NULL,'nm0634240'),
	 ('tt0080684','El imperio contraataca',1980,NULL,124,NULL,'nm0449984'),
	 ('tt0099685','Uno de los nuestros',1990,NULL,145,NULL,'nm0000217'),
	 ('tt0073486','Alguien voló sobre el nido del cuco',1975,NULL,133,NULL,'nm0001232'),
	 ('tt0114369','Seven',1995,NULL,127,NULL,'nm0000399'),
	 ('tt0047478','Los siete samuráis',1954,NULL,207,NULL,'nm0000041'),
	 ('tt0038650','¡Qué bello es vivir!',1946,NULL,130,NULL,'nm0001008');
INSERT INTO movies (imdb_id,title,year,image,runtime,description,director_id) VALUES
	 ('tt0102926','El silencio de los corderos',1991,NULL,118,NULL,'nm0001129'),
	 ('tt0120815','Salvar al soldado Ryan',1998,NULL,169,NULL,'nm0000229'),
	 ('tt0816692','Interstellar',2014,NULL,169,NULL,'nm0634240'),
	 ('tt0118799','La vida es bella',1997,NULL,116,NULL,'nm0000905'),
	 ('tt0120689','La milla verde',1999,NULL,189,NULL,'nm0001104'),
	 ('tt0076759','La guerra de las galaxias',1977,NULL,121,NULL,'nm0000184'),
	 ('tt0103064','Terminator 2: El juicio final',1991,NULL,137,NULL,'nm0000116'),
	 ('tt0088763','Regreso al futuro',1985,NULL,116,NULL,'nm0000709'),
	 ('tt0245429','El viaje de Chihiro',2001,NULL,125,NULL,'nm0594503'),
	 ('tt0253474','El pianista',2002,NULL,150,NULL,'nm0000591');
INSERT INTO movies (imdb_id,title,year,image,runtime,description,director_id) VALUES
	 ('tt0054215','Psicosis',1960,NULL,109,NULL,'nm0000033'),
	 ('tt6751668','Parásitos',2019,NULL,132,NULL,'nm0094435'),
	 ('tt0110413','El profesional (Léon)',1994,NULL,110,NULL,'nm0000108'),
	 ('tt0172495','Gladiator (El gladiador)',2000,NULL,155,NULL,'nm0000631'),
	 ('tt0120586','American History X',1998,NULL,119,NULL,'nm0443411'),
	 ('tt0407887','Infiltrados',2006,NULL,151,NULL,'nm0000217'),
	 ('tt0482571','El truco final (El prestigio)',2006,NULL,130,NULL,'nm0634240'),
	 ('tt0114814','Sospechosos habituales',1995,NULL,106,NULL,'nm0001741'),
	 ('tt2582802','Whiplash',2014,NULL,106,NULL,'nm3227090'),
	 ('tt0034583','Casablanca',1942,NULL,102,NULL,'nm0002031');
INSERT INTO movies (imdb_id,title,year,image,runtime,description,director_id) VALUES
	 ('tt0095327','La tumba de las luciérnagas',1988,NULL,89,NULL,'nm0847223'),
	 ('tt0056058','Harakiri',1962,NULL,133,NULL,'nm0462030'),
	 ('tt0027977','Tiempos modernos',1936,NULL,87,NULL,'nm0000122'),
	 ('tt0064116','Hasta que llegó su hora',1968,NULL,165,NULL,'nm0001466'),
	 ('tt0095765','Cinema Paradiso',1988,NULL,155,NULL,'nm0868153'),
	 ('tt0047396','La ventana indiscreta',1954,NULL,112,NULL,'nm0000033'),
	 ('tt0078748','Alien, el octavo pasajero',1979,NULL,117,NULL,'nm0000631'),
	 ('tt0021749','Luces de la ciudad',1931,NULL,87,NULL,'nm0000122'),
	 ('tt0078788','Apocalypse Now',1979,NULL,147,NULL,'nm0000338'),
	 ('tt0209144','Memento',2000,NULL,113,NULL,'nm0634240');
INSERT INTO movies (imdb_id,title,year,image,runtime,description,director_id) VALUES
	 ('tt1853728','Django desencadenado',2012,NULL,165,NULL,'nm0000233'),
	 ('tt0082971','En busca del arca perdida',1981,NULL,115,NULL,'nm0000229'),
	 ('tt0910970','WALL·E',2008,NULL,98,NULL,'nm0004056'),
	 ('tt0405094','La vida de los otros',2006,NULL,137,NULL,'nm0003697'),
	 ('tt0043014','El crepúsculo de los dioses',1950,NULL,110,NULL,'nm0000697'),
	 ('tt0050825','Senderos de gloria',1957,NULL,88,NULL,'nm0000040'),
	 ('tt0081505','El resplandor',1980,NULL,146,NULL,'nm0000040'),
	 ('tt0032553','El gran dictador',1940,NULL,125,NULL,'nm0000122'),
	 ('tt0051201','Testigo de cargo',1957,NULL,116,NULL,'nm0000697'),
	 ('tt0090605','Aliens El regreso',1986,NULL,137,NULL,'nm0000116');
INSERT INTO movies (imdb_id,title,year,image,runtime,description,director_id) VALUES
	 ('tt0169547','American Beauty',1999,NULL,122,NULL,'nm0005222'),
	 ('tt0057012','¿Teléfono rojo? Volamos hacia Moscú',1964,NULL,95,NULL,'nm0000040'),
	 ('tt1345836','El caballero oscuro: La leyenda renace',2012,NULL,164,NULL,'nm0634240'),
	 ('tt0364569','Old Boy',2003,NULL,120,NULL,'nm0661791'),
	 ('tt0361748','Malditos bastardos',2009,NULL,153,NULL,'nm0000233'),
	 ('tt0086879','Amadeus',1984,NULL,160,NULL,'nm0001232'),
	 ('tt0114709','Toy Story',1995,NULL,81,NULL,'nm0005124'),
	 ('tt7286456','Joker',2019,NULL,122,NULL,'nm0680846'),
	 ('tt0112573','Braveheart',1995,NULL,178,NULL,'nm0000154'),
	 ('tt0082096','El submarino (Das Boot)',1981,NULL,149,NULL,'nm0000583');
INSERT INTO movies (imdb_id,title,year,image,runtime,description,director_id) VALUES
	 ('tt0119698','La princesa Mononoke',1997,NULL,134,NULL,'nm0594503'),
	 ('tt0087843','Érase una vez en América',1984,NULL,229,NULL,'nm0001466'),
	 ('tt0119217','El indomable Will Hunting',1997,NULL,126,NULL,'nm0001814'),
	 ('tt5311514','Your Name',2016,NULL,106,NULL,'nm1396121'),
	 ('tt1187043','3 Idiots',2009,NULL,170,NULL,'nm0386246'),
	 ('tt0180093','Réquiem por un sueño',2000,NULL,102,NULL,'nm0004716'),
	 ('tt0057565','El infierno del odio',1963,NULL,143,NULL,'nm0000041'),
	 ('tt0435761','Toy Story 3',2010,NULL,103,NULL,'nm0881279'),
	 ('tt8267604','Cafarnaúm',2018,NULL,126,NULL,'nm1701024'),
	 ('tt0086190','El retorno del jedi',1983,NULL,131,NULL,'nm0549658');
INSERT INTO movies (imdb_id,title,year,image,runtime,description,director_id) VALUES
	 ('tt0338013','¡Olvídate de mí!',2004,NULL,108,NULL,'nm0327273'),
	 ('tt0062622','2001 Una odisea del espacio',1968,NULL,149,NULL,'nm0000040'),
	 ('tt0091251','Masacre (Ven y mira)',1985,NULL,142,NULL,'nm0459552'),
	 ('tt0105236','Reservoir Dogs',1992,NULL,99,NULL,'nm0000233'),
	 ('tt2106476','La caza',2012,NULL,115,NULL,'nm0899121'),
	 ('tt0033467','Ciudadano Kane',1941,NULL,119,NULL,'nm0000080'),
	 ('tt0022100','M, el vampiro de Düsseldorf',1931,NULL,117,NULL,'nm0000485'),
	 ('tt0056172','Lawrence de Arabia',1962,NULL,218,NULL,'nm0000180'),
	 ('tt0053125','Con la muerte en los talones',1959,NULL,136,NULL,'nm0000033'),
	 ('tt0044741','Ikiru (Vivir)',1952,NULL,143,NULL,'nm0000041');
INSERT INTO movies (imdb_id,title,year,image,runtime,description,director_id) VALUES
	 ('tt0052357',' Vértigo (De entre los muertos)',1958,NULL,128,NULL,'nm0000033'),
	 ('tt0053604','El apartamento',1960,NULL,125,NULL,'nm0000697'),
	 ('tt0211915','Amelie',2001,NULL,122,NULL,'nm0000466'),
	 ('tt0066921','La naranja mecánica',1971,NULL,136,NULL,'nm0000040'),
	 ('tt0036775','Perdición',1944,NULL,107,NULL,'nm0000697'),
	 ('tt0093058','La chaqueta metálica',1987,NULL,116,NULL,'nm0000040'),
	 ('tt0086250','El precio del poder',1983,NULL,170,NULL,'nm0000361'),
	 ('tt8503618','Hamilton',2020,NULL,160,NULL,'nm2371802'),
	 ('tt1255953','Incendios',2010,NULL,131,NULL,'nm0898288'),
	 ('tt0113277','Heat',1995,NULL,170,NULL,'nm0000520');
INSERT INTO movies (imdb_id,title,year,image,runtime,description,director_id) VALUES
	 ('tt0056592','Matar a un ruiseñor',1962,NULL,129,NULL,'nm0612322'),
	 ('tt0070735','El golpe',1973,NULL,129,NULL,'nm0001351'),
	 ('tt1832382','Nader y Simin, una separación',2011,NULL,123,NULL,'nm1410815'),
	 ('tt0017136','Metrópolis',1927,NULL,153,NULL,'nm0000485'),
	 ('tt0075314','Taxi Driver',1976,NULL,114,NULL,'nm0000217'),
	 ('tt0119488','LA Confidential',1997,NULL,138,NULL,'nm0000436'),
	 ('tt0095016','Jungla de cristal',1988,NULL,132,NULL,'nm0001532'),
	 ('tt1745960','Top Gun: Maverick',2022,NULL,130,NULL,'nm2676052'),
	 ('tt0208092','Snatch Cerdos y diamantes',2000,NULL,104,NULL,'nm0005363'),
	 ('tt0097576','Indiana Jones y la última cruzada',1989,NULL,127,NULL,'nm0000229');
INSERT INTO movies (imdb_id,title,year,image,runtime,description,director_id) VALUES
	 ('tt0040522','Ladrón de bicicletas',1948,NULL,89,NULL,'nm0001120'),
	 ('tt8579674','1917',2019,NULL,119,NULL,'nm0005222'),
	 ('tt0363163','El hundimiento',2004,NULL,156,NULL,'nm0386570'),
	 ('tt5074352','Dangal',2016,NULL,161,NULL,'nm4318159'),
	 ('tt0059578','La muerte tenía un precio',1965,NULL,132,NULL,'nm0001466'),
	 ('tt0372784','Batman Begins',2005,NULL,140,NULL,'nm0634240'),
	 ('tt0012349','El chico',1921,NULL,68,NULL,'nm0000122'),
	 ('tt0053291','Con faldas y a lo loco',1959,NULL,121,NULL,'nm0000697'),
	 ('tt0042192','Eva al desnudo',1950,NULL,138,NULL,'nm0000581'),
	 ('tt0993846','El lobo de Wall Street',2013,NULL,180,NULL,'nm0000217');
INSERT INTO movies (imdb_id,title,year,image,runtime,description,director_id) VALUES
	 ('tt6966692','Green Book',2018,NULL,130,NULL,'nm0268380'),
	 ('tt0055031','Vencedores o vencidos',1961,NULL,179,NULL,'nm0006452'),
	 ('tt0089881','Ran',1985,NULL,162,NULL,'nm0000041'),
	 ('tt0112641','Casino',1995,NULL,178,NULL,'nm0000217'),
	 ('tt0120382','El show de Truman',1998,NULL,103,NULL,'nm0001837'),
	 ('tt0469494','Pozos de ambición',2007,NULL,158,NULL,'nm0000759'),
	 ('tt0457430','El laberinto del fauno',2006,NULL,118,NULL,'nm0868219'),
	 ('tt0105695','Sin perdón',1992,NULL,130,NULL,'nm0000142'),
	 ('tt0167404','El sexto sentido',1999,NULL,107,NULL,'nm0796117'),
	 ('tt1130884','Shutter Island',2010,NULL,138,NULL,'nm0000217');
INSERT INTO movies (imdb_id,title,year,image,runtime,description,director_id) VALUES
	 ('tt0268978','Una mente maravillosa',2001,NULL,135,NULL,'nm0000165'),
	 ('tt0107290','Jurassic Park (Parque Jurásico)',1993,NULL,127,NULL,'nm0000229'),
	 ('tt0055630','Yojimbo',1961,NULL,110,NULL,'nm0000041'),
	 ('tt0040897','El tesoro de Sierra Madre',1948,NULL,126,NULL,'nm0001379'),
	 ('tt0057115','La gran evasión',1963,NULL,172,NULL,'nm0836328'),
	 ('tt0266697','Kill Bill: Volumen 1',2003,NULL,111,NULL,'nm0000233'),
	 ('tt0042876','Rashomon',1950,NULL,88,NULL,'nm0000041'),
	 ('tt0084787','La cosa (El enigma de otro mundo)',1982,NULL,109,NULL,'nm0000118'),
	 ('tt0080678','El hombre elefante',1980,NULL,124,NULL,'nm0000186'),
	 ('tt0071315','Chinatown',1974,NULL,130,NULL,'nm0000591');
INSERT INTO movies (imdb_id,title,year,image,runtime,description,director_id) VALUES
	 ('tt0081398','Toro salvaje',1980,NULL,129,NULL,'nm0000217'),
	 ('tt0434409','V de vendetta',2005,NULL,132,NULL,'nm0574625'),
	 ('tt0120735','Lock & Stock',1998,NULL,107,NULL,'nm0005363'),
	 ('tt0046912','Crimen perfecto',1954,NULL,105,NULL,'nm0000033'),
	 ('tt1305806','El secreto de sus ojos',2009,NULL,129,NULL,'nm0002728'),
	 ('tt0347149','El castillo ambulante',2004,NULL,119,NULL,'nm0594503'),
	 ('tt5027774','Tres anuncios en las afueras',2017,NULL,115,NULL,'nm1732981'),
	 ('tt0117951','Trainspotting',1996,NULL,93,NULL,'nm0000965'),
	 ('tt0050212','El puente sobre el río Kwai',1957,NULL,161,NULL,'nm0000180'),
	 ('tt1392214','Prisioneros',2013,NULL,153,NULL,'nm0898288');
INSERT INTO movies (imdb_id,title,year,image,runtime,description,director_id) VALUES
	 ('tt1291584','Warrior',2011,NULL,140,NULL,'nm0640334'),
	 ('tt1205489','Gran Torino',2008,NULL,116,NULL,'nm0000142'),
	 ('tt0096283','Mi vecino Totoro',1988,NULL,86,NULL,'nm0594503'),
	 ('tt0264464','Atrápame si puedes',2002,NULL,141,NULL,'nm0000229'),
	 ('tt0405159','Million Dollar Baby',2004,NULL,132,NULL,'nm0000142'),
	 ('tt0118849','Children of Heaven',1997,NULL,89,NULL,'nm0006498'),
	 ('tt0083658','Blade Runner',1982,NULL,117,NULL,'nm0000631'),
	 ('tt0015864','La quimera del oro',1925,NULL,95,NULL,'nm0000122'),
	 ('tt0112471','Antes de amanecer',1995,NULL,101,NULL,'nm0000500'),
	 ('tt1201607','Harry Potter y las Reliquias de la Muerte: Parte 2',2011,NULL,130,NULL,'nm0946734');
INSERT INTO movies (imdb_id,title,year,image,runtime,description,director_id) VALUES
	 ('tt2024544','12 Years a Slave',2013,NULL,134,NULL,'nm2588606'),
	 ('tt0047296','La ley del silencio',1954,NULL,108,NULL,'nm0001415'),
	 ('tt0052618','Ben-Hur',1959,NULL,212,NULL,'nm0943758'),
	 ('tt2278388','El gran hotel Budapest',2014,NULL,99,NULL,'nm0027572'),
	 ('tt2267998','Perdida',2014,NULL,149,NULL,'nm0000399'),
	 ('tt0050986','Fresas salvajes',1957,NULL,91,NULL,'nm0000005'),
	 ('tt0072684','Barry Lyndon',1975,NULL,185,NULL,'nm0000040'),
	 ('tt0107207','En el nombre del padre',1993,NULL,133,NULL,'nm0006487'),
	 ('tt0041959','El tercer hombre',1949,NULL,104,NULL,'nm0715346'),
	 ('tt0077416','El cazador',1978,NULL,183,NULL,'nm0001047');
INSERT INTO movies (imdb_id,title,year,image,runtime,description,director_id) VALUES
	 ('tt2119532','Hasta el último hombre',2016,NULL,139,NULL,'nm0000154'),
	 ('tt0046268','El salario del miedo',1953,NULL,131,NULL,'nm0167241'),
	 ('tt0353969','Memories of Murder (Crónica de un asesino en serie)',2003,NULL,131,NULL,'nm0094435'),
	 ('tt0015324','El moderno Sherlock Holmes',1924,NULL,45,NULL,'nm0000036'),
	 ('tt3011894','Relatos salvajes',2014,NULL,122,NULL,'nm1167933'),
	 ('tt0031679','Caballero sin espada',1939,NULL,129,NULL,'nm0001008'),
	 ('tt1392190','Mad Max: Furia en la carretera',2015,NULL,120,NULL,'nm0004306'),
	 ('tt0978762','Mary and Max',2009,NULL,92,NULL,'nm0254178'),
	 ('tt0050976','El séptimo sello',1957,NULL,96,NULL,'nm0000005'),
	 ('tt0073195','Tiburón',1975,NULL,124,NULL,'nm0000229');
INSERT INTO movies (imdb_id,title,year,image,runtime,description,director_id) VALUES
	 ('tt3170832','La habitación',2015,NULL,118,NULL,'nm1049433'),
	 ('tt0097165','El club de los poetas muertos',1989,NULL,128,NULL,'nm0001837'),
	 ('tt0046438','Cuentos de Tokio',1953,NULL,136,NULL,'nm0654868'),
	 ('tt0019254','La pasión de Juana de Arco',1928,NULL,110,NULL,'nm0003433'),
	 ('tt1950186','Le Mans ''66',2019,NULL,152,NULL,'nm0003506'),
	 ('tt0395169','Hotel Rwanda',2004,NULL,121,NULL,'nm0313623'),
	 ('tt0075148','Rocky',1976,NULL,120,NULL,'nm0000814'),
	 ('tt0091763','Platoon',1986,NULL,120,NULL,'nm0000231'),
	 ('tt1895587','Spotlight',2015,NULL,129,NULL,'nm0565336'),
	 ('tt3315342','Logan',2017,NULL,137,NULL,'nm0003506');
INSERT INTO movies (imdb_id,title,year,image,runtime,description,director_id) VALUES
	 ('tt0088247','Terminator',1984,NULL,107,NULL,'nm0000116'),
	 ('tt0092005','Cuenta conmigo',1986,NULL,89,NULL,'nm0001661'),
	 ('tt1979320','Rush',2013,NULL,123,NULL,'nm0000165'),
	 ('tt0074958','Network, un mundo implacable',1976,NULL,121,NULL,'nm0001486'),
	 ('tt0381681','Antes del atardecer',2004,NULL,80,NULL,'nm0000500'),
	 ('tt0758758','Hacia rutas salvajes',2007,NULL,148,NULL,'nm0000576'),
	 ('tt0036868','Los mejores años de nuestra vida',1946,NULL,170,NULL,'nm0943758'),
	 ('tt0107048','Atrapado en el tiempo',1993,NULL,101,NULL,'nm0000601'),
	 ('tt0070047','El exorcista',1973,NULL,122,NULL,'nm0001243'),
	 ('tt0048473','Pather Panchali (La canción del camino)',1955,NULL,125,NULL,'nm0006249');
INSERT INTO movies (imdb_id,title,year,image,runtime,description,director_id) VALUES
	 ('tt0317705','Los Increíbles',2004,NULL,115,NULL,'nm0083348'),
	 ('tt0035446','Ser o no ser',1942,NULL,99,NULL,'nm0523932'),
	 ('tt0113247','El odio',1995,NULL,98,NULL,'nm0440913'),
	 ('tt0325980','Piratas del Caribe: La maldición de la Perla Negra',2003,NULL,143,NULL,'nm0893659'),
	 ('tt0058946','La batalla de Argel',1966,NULL,121,NULL,'nm0690597'),
	 ('tt0032551','Las uvas de la ira',1940,NULL,129,NULL,'nm0000406'),
	 ('tt1028532','Siempre a tu lado (Hachiko)',2009,NULL,93,NULL,'nm0002120'),
	 ('tt0476735','Mi padre y mi hijo',2005,NULL,112,NULL,'nm1463981'),
	 ('tt0245712','Amores perros',2000,NULL,154,NULL,'nm0327944'),
	 ('tt0032976','Rebeca',1940,NULL,130,NULL,'nm0000033');
INSERT INTO movies (imdb_id,title,year,image,runtime,description,director_id) VALUES
	 ('tt0061512','La leyenda del indomable',1967,NULL,127,NULL,'nm0742341'),
	 ('tt4016934','La doncella',2016,NULL,145,NULL,'nm0661791'),
	 ('tt0053198','Los cuatrocientos golpes',1959,NULL,99,NULL,'nm0000076'),
	 ('tt0059742','Sonrisas y lágrimas',1965,NULL,172,NULL,'nm0936404'),
	 ('tt0025316','Sucedió una noche',1934,NULL,105,NULL,'nm0001008'),
	 ('tt0060827','Persona',1966,NULL,85,NULL,'nm0000005'),
	 ('tt0079470','La vida de Brian',1979,NULL,94,NULL,'nm0001402'),
	 ('tt0129167','El gigante de hierro',1999,NULL,86,NULL,'nm0083348'),
	 ('tt1454029','Criadas y señoras',2011,NULL,146,NULL,'nm0853238'),
	 ('tt0071411','Dersu Uzala (El cazador)',1975,NULL,142,NULL,'nm0000041');
INSERT INTO movies (imdb_id,title,year,image,runtime,description,director_id) VALUES
	 ('tt0099348','Bailando con lobos',1990,NULL,181,NULL,'nm0000126'),
	 ('tt0083987','Gandhi',1982,NULL,191,NULL,'nm0000277');

-- actors_movies

INSERT INTO imdb.actors_movies (movie_id,actor_id,`characters`) VALUES
	 ('tt0012349','nm0088471','["His Assistant"]'),
	 ('tt0012349','nm0000122','["A Tramp"]'),
	 ('tt0012349','nm0701012','["The Woman"]'),
	 ('tt0012349','nm0001067','["The Child"]'),
	 ('tt0012349','nm0588033','["The Man"]'),
	 ('tt0012349','nm0042317','["Car Thief","Man in Shelter"]'),
	 ('tt0012349','nm0047800','["Bride"]'),
	 ('tt0012349','nm0048798','["Slum Nurse"]'),
	 ('tt0012349','nm0074788','["Professor Guido","Night Shelter Keeper"]'),
	 ('tt0012349','nm0080930','["Orphan Asylum Driver"]');
INSERT INTO imdb.actors_movies (movie_id,actor_id,`characters`) VALUES
	 ('tt0015324','nm0000036','["Projectionist","Sherlock, Jr."]'),
	 ('tt0015324','nm0570230','["The Girl"]'),
	 ('tt0015324','nm0444172','["The Girl''s Father","Man on Film Screen"]'),
	 ('tt0015324','nm0175068','["The Hired Man","The Butler"]'),
	 ('tt0015864','nm1027682','["Eskimo Child"]'),
	 ('tt0015864','nm0000122','["The Lone Prospector"]'),
	 ('tt0015864','nm0841501','["Big Jim McKay"]'),
	 ('tt0015864','nm0615306','["Black Larsen"]'),
	 ('tt0015864','nm0074788','["Hank Curtis"]'),
	 ('tt0015864','nm0906618','["Jack Cameron"]');
INSERT INTO imdb.actors_movies (movie_id,actor_id,`characters`) VALUES
	 ('tt0015864','nm0354913','["Georgia"]'),
	 ('tt0015864','nm1033900','["Man in Dance Hall"]'),
	 ('tt0017136','nm0375609','["Maria","Maschinenmensch","The Machine Man"]'),
	 ('tt0017136','nm0002154','["Johann (Joh) Fredersen"]'),
	 ('tt0017136','nm0297054','["Freder Fredersen - Joh Fredersens Sohn"]'),
	 ('tt0017136','nm0459030','["Erfinder C.A. Rotwang","The Inventor"]'),
	 ('tt0019254','nm0266029','["Jeanne d''Arc"]'),
	 ('tt0019254','nm0798564','["Évêque Pierre Cauchon (Bishop Pierre Cauchon)"]'),
	 ('tt0019254','nm0075551','["Jean d''Estivet"]'),
	 ('tt0019254','nm0776914','["Nicolas Loyseleur"]');
INSERT INTO imdb.actors_movies (movie_id,actor_id,`characters`) VALUES
	 ('tt0021749','nm0000122','["A Tramp"]'),
	 ('tt0021749','nm0156039','["A Blind Girl"]'),
	 ('tt0021749','nm5681967','["The Blind Girl''s Grandmother"]'),
	 ('tt0021749','nm0616729','["An Eccentric Millionaire"]'),
	 ('tt0022100','nm0000048','["Hans Beckert"]'),
	 ('tt0022100','nm0927145','["Frau Beckmann"]'),
	 ('tt0022100','nm0484737','["Elsie Beckmann"]'),
	 ('tt0022100','nm0921532','["Inspector Karl Lohmann"]'),
	 ('tt0025316','nm0858977','["King Westley"]'),
	 ('tt0025316','nm0000022','["Peter Warne"]');
INSERT INTO imdb.actors_movies (movie_id,actor_id,`characters`) VALUES
	 ('tt0025316','nm0001055','["Ellie Andrews"]'),
	 ('tt0025316','nm0175369','["Alexander Andrews"]'),
	 ('tt0025316','nm0439850','["Oscar Shapeley"]'),
	 ('tt0027977','nm0305087','["President of the Electro Steel Corp."]'),
	 ('tt0027977','nm0000122','["A Factory Worker"]'),
	 ('tt0027977','nm0002104','["A Gamin"]'),
	 ('tt0027977','nm0074788','["Cafe Proprietor"]'),
	 ('tt0027977','nm0761866','["Big Bill"]'),
	 ('tt0027977','nm0174682','["Mechanic"]'),
	 ('tt0027977','nm0003424','["Burglar"]');
INSERT INTO imdb.actors_movies (movie_id,actor_id,`characters`) VALUES
	 ('tt0027977','nm0090008','["Gamin''s Father"]'),
	 ('tt0031679','nm0000071','["Jefferson Smith"]'),
	 ('tt0031679','nm0000795','["Saunders"]'),
	 ('tt0031679','nm0001647','["Senator Joseph Paine"]'),
	 ('tt0031679','nm0036427','["Jim Taylor"]'),
	 ('tt0032551','nm0000020','["Tom Joad"]'),
	 ('tt0032551','nm0002034','["Ma Joad"]'),
	 ('tt0032551','nm0001017','["Jim Casy"]'),
	 ('tt0032551','nm0335788','["Grandpa Joad"]'),
	 ('tt0032553','nm0354916','["Madame Napaloni"]');
INSERT INTO imdb.actors_movies (movie_id,actor_id,`characters`) VALUES
	 ('tt0032553','nm0000122','["Hynkel - Dictator of Tomania","A Jewish Barber"]'),
	 ('tt0032553','nm0002104','["Hannah"]'),
	 ('tt0032553','nm0642988','["Napaloni - Dictator of Bacteria"]'),
	 ('tt0032553','nm0306786','["Schultz"]'),
	 ('tt0032553','nm0199787','["Garbitsch"]'),
	 ('tt0032553','nm0317970','["Herring"]'),
	 ('tt0032976','nm0000059','["''Maxim'' de Winter"]'),
	 ('tt0032976','nm0000021','["Mrs. de Winter"]'),
	 ('tt0032976','nm0001695','["Jack Favell"]'),
	 ('tt0032976','nm0000752','["Mrs. Danvers"]');
INSERT INTO imdb.actors_movies (movie_id,actor_id,`characters`) VALUES
	 ('tt0033467','nm0000080','["Kane"]'),
	 ('tt0033467','nm0001072','["Jedediah Leland","Screening Room Reporter"]'),
	 ('tt0033467','nm0173827','["Susan Alexander Kane"]'),
	 ('tt0033467','nm0001547','["Mary Kane"]'),
	 ('tt0034583','nm0000007','["Rick Blaine"]'),
	 ('tt0034583','nm0000006','["Ilsa Lund"]'),
	 ('tt0034583','nm0002134','["Victor Laszlo"]'),
	 ('tt0034583','nm0001647','["Captain Louis Renault"]'),
	 ('tt0035446','nm0001479','["Maria Tura"]'),
	 ('tt0035446','nm0000912','["Joseph Tura"]');
INSERT INTO imdb.actors_movies (movie_id,actor_id,`characters`) VALUES
	 ('tt0035446','nm0821041','["Lieutenant Stanislav Sobinski"]'),
	 ('tt0035446','nm0107795','["Greenberg"]'),
	 ('tt0036775','nm0534045','["Walter Neff"]'),
	 ('tt0036775','nm0001766','["Phyllis Dietrichson"]'),
	 ('tt0036775','nm0000064','["Barton Keyes"]'),
	 ('tt0036775','nm0056477','["Nino Zachetti"]'),
	 ('tt0036868','nm0001485','["Milly Stephenson"]'),
	 ('tt0036868','nm0000763','["Fred Derry"]'),
	 ('tt0036868','nm0545298','["Al Stephenson"]'),
	 ('tt0036868','nm0942863','["Peggy Stephenson"]');
INSERT INTO imdb.actors_movies (movie_id,actor_id,`characters`) VALUES
	 ('tt0038650','nm0000071','["George Bailey"]'),
	 ('tt0038650','nm0001656','["Mary Hatch"]'),
	 ('tt0038650','nm0000859','["Mr. Potter"]'),
	 ('tt0038650','nm0593775','["Uncle Billy"]'),
	 ('tt0040522','nm0536009','["Antonio"]'),
	 ('tt0040522','nm0821543','["Bruno"]'),
	 ('tt0040522','nm0136794','["Maria"]'),
	 ('tt0040522','nm0022821','["The Charitable Lady"]'),
	 ('tt0040897','nm0000007','["Fred C. Dobbs"]'),
	 ('tt0040897','nm0404158','["Howard"]');
INSERT INTO imdb.actors_movies (movie_id,actor_id,`characters`) VALUES
	 ('tt0040897','nm0392529','["Curtin"]'),
	 ('tt0040897','nm0071636','["Cody"]'),
	 ('tt0041959','nm0000080','["Harry Lime"]'),
	 ('tt0041959','nm0001072','["Holly Martins"]'),
	 ('tt0041959','nm0885098','["Anna Schmidt"]'),
	 ('tt0041959','nm0002145','["Maj. Calloway"]'),
	 ('tt0042192','nm0000012','["Margo"]'),
	 ('tt0042192','nm0000879','["Eve"]'),
	 ('tt0042192','nm0001695','["Addison DeWitt"]'),
	 ('tt0042192','nm0002141','["Karen"]');
INSERT INTO imdb.actors_movies (movie_id,actor_id,`characters`) VALUES
	 ('tt0042876','nm0001536','["Tajômaru"]'),
	 ('tt0042876','nm0477553','["Masako Kanazawa"]'),
	 ('tt0042876','nm0605270','["Takehiro Kanazawa"]'),
	 ('tt0042876','nm0793766','["Woodcutter"]'),
	 ('tt0043014','nm0000034','["Joe Gillis"]'),
	 ('tt0043014','nm0841797','["Norma Desmond"]'),
	 ('tt0043014','nm0002233','["Max Von Mayerling"]'),
	 ('tt0043014','nm0647970','["Betty Schaefer"]'),
	 ('tt0044741','nm0793766','["Kanji Watanabe"]'),
	 ('tt0044741','nm0437520','["Mitsuo Watanabe, Kanji''s son"]');
INSERT INTO imdb.actors_movies (movie_id,actor_id,`characters`) VALUES
	 ('tt0044741','nm0385443','["Kimura"]'),
	 ('tt0044741','nm0848984','["Sakai"]'),
	 ('tt0046268','nm0598971','["Mario Livi"]'),
	 ('tt0046268','nm0889024','["M. Jo"]'),
	 ('tt0046268','nm0886870','["Bimba"]'),
	 ('tt0046268','nm0525793','["Luigi"]'),
	 ('tt0046438','nm0753479','["Shukichi Hirayama"]'),
	 ('tt0046438','nm0383261','["Tomi Hirayama"]'),
	 ('tt0046438','nm0945522','["Koichi Hirayama"]'),
	 ('tt0046438','nm0361697','["Noriko Hirayama"]');
INSERT INTO imdb.actors_movies (movie_id,actor_id,`characters`) VALUES
	 ('tt0046912','nm0001537','["Tony Wendice"]'),
	 ('tt0046912','nm0000038','["Margot Wendice"]'),
	 ('tt0046912','nm0191950','["Mark Halliday"]'),
	 ('tt0046912','nm0002369','["Chief Inspector Hubbard"]'),
	 ('tt0047296','nm0000008','["Terry Malloy"]'),
	 ('tt0047296','nm0001500','["Father Barry"]'),
	 ('tt0047296','nm0002011','["Johnny Friendly"]'),
	 ('tt0047296','nm0001768','["Charley Malloy"]'),
	 ('tt0047396','nm0000071','["L.B. Jefferies"]'),
	 ('tt0047396','nm0000038','["Lisa Fremont"]');
INSERT INTO imdb.actors_movies (movie_id,actor_id,`characters`) VALUES
	 ('tt0047396','nm0179819','["Tom Doyle"]'),
	 ('tt0047396','nm0728812','["Stella"]'),
	 ('tt0047478','nm0001536','["Kikuchiyo"]'),
	 ('tt0047478','nm0793766','["Kambei Shimada"]'),
	 ('tt0047478','nm0875477','["Shino"]'),
	 ('tt0047478','nm0793616','["Wife"]'),
	 ('tt0048473','nm0052333','["Harihar Ray"]'),
	 ('tt0048473','nm0052334','["Sarbojaya Ray"]'),
	 ('tt0048473','nm0052343','["Apu Ray"]'),
	 ('tt0048473','nm0222447','["Indir Thakrun"]');
INSERT INTO imdb.actors_movies (movie_id,actor_id,`characters`) VALUES
	 ('tt0050083','nm0000020','["Juror 8"]'),
	 ('tt0050083','nm0002011','["Juror 3"]'),
	 ('tt0050083','nm0000842','["Juror 1"]'),
	 ('tt0050083','nm0275835','["Juror 2"]'),
	 ('tt0050212','nm0000034','["Shears"]'),
	 ('tt0050212','nm0000027','["Colonel Nicholson"]'),
	 ('tt0050212','nm0370144','["Major Warden"]'),
	 ('tt0050212','nm0370564','["Colonel Saito"]'),
	 ('tt0050825','nm0000018','["Col. Dax"]'),
	 ('tt0050825','nm0576127','["Cpl. Philippe Paris"]');
INSERT INTO imdb.actors_movies (movie_id,actor_id,`characters`) VALUES
	 ('tt0050825','nm0579663','["Gen. George Broulard"]'),
	 ('tt0050825','nm0534317','["Gen. Paul Mireau"]'),
	 ('tt0050976','nm0001884','["Antonius Block"]'),
	 ('tt0050976','nm0085038','["Jöns, squire"]'),
	 ('tt0050976','nm0252345','["Death"]'),
	 ('tt0050976','nm0691555','["Jof","Joseph"]'),
	 ('tt0050986','nm0803705','["Dr. Eberhard Isak Borg"]'),
	 ('tt0050986','nm0000761','["Sara","Hitchhiker"]'),
	 ('tt0050986','nm0862026','["Marianne Borg"]'),
	 ('tt0050986','nm0085038','["Dr. Evald Borg"]');
INSERT INTO imdb.actors_movies (movie_id,actor_id,`characters`) VALUES
	 ('tt0051201','nm0000061','["Leonard Vole"]'),
	 ('tt0051201','nm0000017','["Christine"]'),
	 ('tt0051201','nm0001452','["Sir Wilfrid Robarts"]'),
	 ('tt0051201','nm0006471','["Miss Plimsoll"]'),
	 ('tt0052357','nm0000071','["John ''Scottie'' Ferguson"]'),
	 ('tt0052357','nm0001571','["Madeleine Elster","Judy Barton"]'),
	 ('tt0052357','nm0000895','["Marjorie ''Midge'' Wood"]'),
	 ('tt0052357','nm0375738','["Gavin Elster"]'),
	 ('tt0052618','nm0000032','["Judah Ben-Hur"]'),
	 ('tt0052618','nm0370144','["Quintus Arrius"]');
INSERT INTO imdb.actors_movies (movie_id,actor_id,`characters`) VALUES
	 ('tt0052618','nm0000963','["Messala"]'),
	 ('tt0052618','nm0361823','["Esther"]'),
	 ('tt0053125','nm0000026','["Roger Thornhill"]'),
	 ('tt0053125','nm0001693','["Eve Kendall"]'),
	 ('tt0053125','nm0000051','["Phillip Vandamm"]'),
	 ('tt0053125','nm0484829','["Clara Thornhill"]'),
	 ('tt0053198','nm0529543','["Antoine Doinel"]'),
	 ('tt0053198','nm0753716','["Julien Doinel - le beau-père d''Antoine"]'),
	 ('tt0053198','nm0561158','["Gilberte Doinel - la mère d''Antoine"]'),
	 ('tt0053198','nm0213948','["''Petite Feuille'' - l''instituteur"]');
INSERT INTO imdb.actors_movies (movie_id,actor_id,`characters`) VALUES
	 ('tt0053291','nm0000054','["Sugar Kane Kowalczyk"]'),
	 ('tt0053291','nm0000348','["Joe","Josephine","Shell Oil Junior"]'),
	 ('tt0053291','nm0000493','["Jerry","Daphne"]'),
	 ('tt0053291','nm0706368','["Spats Colombo"]'),
	 ('tt0053604','nm0000493','["C.C. Baxter"]'),
	 ('tt0053604','nm0000511','["Fran Kubelik"]'),
	 ('tt0053604','nm0534045','["Jeff D. Sheldrake"]'),
	 ('tt0053604','nm0001827','["Joe Dobisch"]'),
	 ('tt0054215','nm0000578','["Norman Bates"]'),
	 ('tt0054215','nm0001463','["Marion Crane"]');
INSERT INTO imdb.actors_movies (movie_id,actor_id,`characters`) VALUES
	 ('tt0054215','nm0587256','["Lila Crane"]'),
	 ('tt0054215','nm0001260','["Sam Loomis"]'),
	 ('tt0055031','nm0000075','["Chief Judge Dan Haywood"]'),
	 ('tt0055031','nm0000044','["Dr. Ernst Janning"]'),
	 ('tt0055031','nm0001847','["Col. Tad Lawson"]'),
	 ('tt0055031','nm0000017','["Mrs. Bertholt"]'),
	 ('tt0055630','nm0001536','["Sanjuro Kuwabatake","The Samurai"]'),
	 ('tt0055630','nm0867391','["Gonji - Tavern Keeper"]'),
	 ('tt0055630','nm0619938','["Unosuke - Gunfighter"]'),
	 ('tt0055630','nm0875362','["Nui"]');
INSERT INTO imdb.actors_movies (movie_id,actor_id,`characters`) VALUES
	 ('tt0056058','nm0619938','["Hanshiro Tsugumo"]'),
	 ('tt0056058','nm0410968','["Motome Chijiiwa"]'),
	 ('tt0056058','nm0412615','["Miho Tsugumo"]'),
	 ('tt0056058','nm0848533','["Hikokuro Omodaka"]'),
	 ('tt0056172','nm0000564','["Lawrence"]'),
	 ('tt0056172','nm0000027','["Prince Faisal"]'),
	 ('tt0056172','nm0000063','["Auda Abu Tayi"]'),
	 ('tt0056172','nm0370144','["General Allenby"]'),
	 ('tt0056592','nm0000060','["Atticus Finch"]'),
	 ('tt0056592','nm0576345','["Dill Harris"]');
INSERT INTO imdb.actors_movies (movie_id,actor_id,`characters`) VALUES
	 ('tt0056592','nm0653942','["Sheriff Heck Tate"]'),
	 ('tt0056592','nm0614677','["Maudie Atkinson"]'),
	 ('tt0057012','nm0000634','["Group Capt. Lionel Mandrake","President Merkin Muffley","Dr. Strangelove"]'),
	 ('tt0057012','nm0001715','["Gen. ''Buck'' Turgidson"]'),
	 ('tt0057012','nm0001330','["Brig. Gen. Jack D. Ripper"]'),
	 ('tt0057012','nm0943978','["Col. ''Bat'' Guano"]'),
	 ('tt0057115','nm0000537','["Hilts ''The Cooler King''"]'),
	 ('tt0057115','nm0001258','["Hendley ''The Scrounger''"]'),
	 ('tt0057115','nm0000277','["Bartlett ''Big X''"]'),
	 ('tt0057115','nm0000314','["Danny ''Tunnel King''"]');
INSERT INTO imdb.actors_movies (movie_id,actor_id,`characters`) VALUES
	 ('tt0057565','nm0001536','["Kingo Gondo"]'),
	 ('tt0057565','nm0755403','["Aoki - the Chauffeur"]'),
	 ('tt0057565','nm0619938','["Chief Detective Tokura"]'),
	 ('tt0057565','nm0434593','["Reiko Gondo"]'),
	 ('tt0058946','nm0352835','["Ali La Pointe"]'),
	 ('tt0058946','nm0552483','["Col. Mathieu"]'),
	 ('tt0058946','nm0754272','["Djafar"]'),
	 ('tt0058946','nm0449197','["Fathia"]'),
	 ('tt0059578','nm0000142','["Monco"]'),
	 ('tt0059578','nm0001812','["Col. Douglas Mortimer"]');
INSERT INTO imdb.actors_movies (movie_id,actor_id,`characters`) VALUES
	 ('tt0059578','nm0002231','["El Indio (The Indian)"]'),
	 ('tt0059578','nm0472756','["Mary - Hotel Manager''s Beautiful Wife"]'),
	 ('tt0059742','nm0000267','["Maria"]'),
	 ('tt0059742','nm0001626','["Captain Georg von Trapp"]'),
	 ('tt0059742','nm0662223','["The Baroness"]'),
	 ('tt0059742','nm0370821','["Max Detweiler"]'),
	 ('tt0060196','nm0000142','["Blondie"]'),
	 ('tt0060196','nm0908919','["Tuco"]'),
	 ('tt0060196','nm0001812','["Sentenza","Angel Eyes"]'),
	 ('tt0060196','nm0321294','["Alcoholic Union Captain"]');
INSERT INTO imdb.actors_movies (movie_id,actor_id,`characters`) VALUES
	 ('tt0060827','nm0000761','["Alma"]'),
	 ('tt0060827','nm0880521','["Elisabet Vogler"]'),
	 ('tt0060827','nm0472234','["The Doctor"]'),
	 ('tt0060827','nm0085038','["Mr. Vogler"]'),
	 ('tt0061512','nm0000056','["Luke"]'),
	 ('tt0061512','nm0001421','["Dragline"]'),
	 ('tt0061512','nm0001510','["Captain"]'),
	 ('tt0061512','nm0134201','["Society Red"]'),
	 ('tt0062622','nm0001158','["Dr. Dave Bowman"]'),
	 ('tt0062622','nm0516972','["Dr. Frank Poole"]');
INSERT INTO imdb.actors_movies (movie_id,actor_id,`characters`) VALUES
	 ('tt0062622','nm0843213','["Dr. Heywood R. Floyd"]'),
	 ('tt0062622','nm0725220','["Moon-Watcher"]'),
	 ('tt0064116','nm0000020','["Frank"]'),
	 ('tt0064116','nm0000314','["Harmonica"]'),
	 ('tt0064116','nm0001012','["Jill McBain"]'),
	 ('tt0064116','nm0001673','["Manuel ''Cheyenne'' Gutiérrez"]'),
	 ('tt0066921','nm0000532','["Alex"]'),
	 ('tt0066921','nm0535861','["Mr Alexander"]'),
	 ('tt0066921','nm0060988','["Chief Guard"]'),
	 ('tt0066921','nm0165049','["Dim"]');
INSERT INTO imdb.actors_movies (movie_id,actor_id,`characters`) VALUES
	 ('tt0068646','nm0000008','["Don Vito Corleone"]'),
	 ('tt0068646','nm0000199','["Michael"]'),
	 ('tt0068646','nm0001001','["Sonny"]'),
	 ('tt0068646','nm0000473','["Kay Adams"]'),
	 ('tt0070047','nm0000995','["Chris MacNeil"]'),
	 ('tt0070047','nm0001884','["Father Lankester Merrin"]'),
	 ('tt0070047','nm0000304','["Regan MacNeil"]'),
	 ('tt0070047','nm0002011','["Lt. William Kinderman"]'),
	 ('tt0070735','nm0000056','["Henry Gondorff"]'),
	 ('tt0070735','nm0000602','["Johnny Hooker"]');
INSERT INTO imdb.actors_movies (movie_id,actor_id,`characters`) VALUES
	 ('tt0070735','nm0001727','["Doyle Lonnegan"]'),
	 ('tt0070735','nm0001164','["Lt. Wm. Snyder"]'),
	 ('tt0071315','nm0000197','["J.J. Gittes"]'),
	 ('tt0071315','nm0001159','["Evelyn Mulwray"]'),
	 ('tt0071315','nm0001379','["Noah Cross"]'),
	 ('tt0071315','nm0520164','["Escobar"]'),
	 ('tt0071411','nm0613364','["Dersu Uzala"]'),
	 ('tt0071411','nm0813272','["Arsenev"]'),
	 ('tt0071411','nm0125730','["Otryad Arseneva"]'),
	 ('tt0071411','nm1276196','["Otryad Arseneva"]');
INSERT INTO imdb.actors_movies (movie_id,actor_id,`characters`) VALUES
	 ('tt0071562','nm0000199','["Michael"]'),
	 ('tt0071562','nm0000134','["Vito Corleone"]'),
	 ('tt0071562','nm0000380','["Tom Hagen"]'),
	 ('tt0071562','nm0000473','["Kay"]'),
	 ('tt0072684','nm0641939','["Barry Lyndon"]'),
	 ('tt0072684','nm0001943','["Lady Honoria Lyndon"]'),
	 ('tt0072684','nm0535861','["The Chevalier du Balibari"]'),
	 ('tt0072684','nm0473228','["Capt. Potzdorf"]'),
	 ('tt0073195','nm0001702','["Brody"]'),
	 ('tt0073195','nm0001727','["Quint"]');
INSERT INTO imdb.actors_movies (movie_id,actor_id,`characters`) VALUES
	 ('tt0073195','nm0000377','["Hooper"]'),
	 ('tt0073195','nm0308882','["Ellen Brody"]'),
	 ('tt0073486','nm0000197','["R.P. McMurphy"]'),
	 ('tt0073486','nm0001221','["Nurse Ratched"]'),
	 ('tt0073486','nm0077720','["Ellis"]'),
	 ('tt0073486','nm0110480','["Col. Matterson"]'),
	 ('tt0074958','nm0001159','["Diana Christensen"]'),
	 ('tt0074958','nm0000034','["Max Schumacher"]'),
	 ('tt0074958','nm0002075','["Howard Beale"]'),
	 ('tt0074958','nm0000380','["Frank Hackett"]');
INSERT INTO imdb.actors_movies (movie_id,actor_id,`characters`) VALUES
	 ('tt0075148','nm0000230','["Rocky"]'),
	 ('tt0075148','nm0001735','["Adrian"]'),
	 ('tt0075148','nm0949350','["Paulie"]'),
	 ('tt0075148','nm0001835','["Apollo"]'),
	 ('tt0075314','nm0000134','["Travis Bickle"]'),
	 ('tt0075314','nm0000149','["Iris"]'),
	 ('tt0075314','nm0001732','["Betsy"]'),
	 ('tt0075314','nm0000983','["Tom"]'),
	 ('tt0076759','nm0000434','["Luke Skywalker"]'),
	 ('tt0076759','nm0000148','["Han Solo"]');
INSERT INTO imdb.actors_movies (movie_id,actor_id,`characters`) VALUES
	 ('tt0076759','nm0000402','["Princess Leia Organa"]'),
	 ('tt0076759','nm0000027','["Ben Obi-Wan Kenobi"]'),
	 ('tt0077416','nm0000134','["Michael"]'),
	 ('tt0077416','nm0000686','["Nick"]'),
	 ('tt0077416','nm0001030','["Stan"]'),
	 ('tt0077416','nm0001698','["Steven"]'),
	 ('tt0078748','nm0000244','["Ripley"]'),
	 ('tt0078748','nm0000643','["Dallas"]'),
	 ('tt0078748','nm0000457','["Kane"]'),
	 ('tt0078748','nm0001021','["Lambert"]');
INSERT INTO imdb.actors_movies (movie_id,actor_id,`characters`) VALUES
	 ('tt0078788','nm0000640','["Captain Benjamin L. Willard"]'),
	 ('tt0078788','nm0000008','["Colonel Walter E. Kurtz"]'),
	 ('tt0078788','nm0000380','["Lieutenant Colonel Bill Kilgore"]'),
	 ('tt0078788','nm0002078','["Jay ''Chef'' Hicks"]'),
	 ('tt0079470','nm0001037','["Wise Man #2","Brian Cohen","Biggus Dickus"]'),
	 ('tt0079470','nm0000092','["Wise Man #1","Reg","Jewish Official"]'),
	 ('tt0079470','nm0001589','["Wise Man #3","Mr. Big Nose","Francis"]'),
	 ('tt0079470','nm0000416','["Man Even Further Forward","Revolutionary","Jailer"]'),
	 ('tt0080678','nm0000164','["Dr. Frederick Treves"]'),
	 ('tt0080678','nm0000457','["John Merrick"]');
INSERT INTO imdb.actors_movies (movie_id,actor_id,`characters`) VALUES
	 ('tt0080678','nm0000843','["Mrs. Kendal"]'),
	 ('tt0080678','nm0000024','["Carr Gomm"]'),
	 ('tt0080684','nm0000434','["Luke Skywalker"]'),
	 ('tt0080684','nm0000148','["Han Solo"]'),
	 ('tt0080684','nm0000402','["Princess Leia"]'),
	 ('tt0080684','nm0001850','["Lando Calrissian"]'),
	 ('tt0081398','nm0000134','["Jake La Motta"]'),
	 ('tt0081398','nm0001550','["Vickie La Motta"]'),
	 ('tt0081398','nm0000582','["Joey"]'),
	 ('tt0081398','nm0898634','["Salvy"]');
INSERT INTO imdb.actors_movies (movie_id,actor_id,`characters`) VALUES
	 ('tt0081505','nm0000197','["Jack Torrance"]'),
	 ('tt0081505','nm0001167','["Wendy Torrance"]'),
	 ('tt0081505','nm0515950','["Danny Torrance"]'),
	 ('tt0081505','nm0001079','["Dick Hallorann"]'),
	 ('tt0082096','nm0001638','["Capt.-Lt. Henrich Lehmann-Willenbrock - Der Alte"]'),
	 ('tt0082096','nm0344963','["Lt. Werner - Correspondent"]'),
	 ('tt0082096','nm0921044','["Chief Engineer Fritz Grade - Der Leitende-Der LI"]'),
	 ('tt0082096','nm0071059','["1st Lieutenant - Number One-1WO"]'),
	 ('tt0082971','nm0000148','["Indy"]'),
	 ('tt0082971','nm0000261','["Marion"]');
INSERT INTO imdb.actors_movies (movie_id,actor_id,`characters`) VALUES
	 ('tt0082971','nm0293550','["Belloq"]'),
	 ('tt0082971','nm0722636','["Sallah"]'),
	 ('tt0083658','nm0000148','["Rick Deckard"]'),
	 ('tt0083658','nm0000442','["Roy Batty"]'),
	 ('tt0083658','nm0000707','["Rachael"]'),
	 ('tt0083658','nm0001579','["Gaff"]'),
	 ('tt0083987','nm0001426','["Mahatma Gandhi"]'),
	 ('tt0083987','nm0000024','["Lord Irwin"]'),
	 ('tt0083987','nm0368990','["Kasturba Gandhi"]'),
	 ('tt0083987','nm0786022','["Pandit Nehru"]');
INSERT INTO imdb.actors_movies (movie_id,actor_id,`characters`) VALUES
	 ('tt0084787','nm0000621','["MacReady"]'),
	 ('tt0084787','nm0000979','["Dr. Blair"]'),
	 ('tt0084787','nm0202966','["Childs"]'),
	 ('tt0084787','nm0557956','["Clark"]'),
	 ('tt0086190','nm0000434','["Luke Skywalker"]'),
	 ('tt0086190','nm0000148','["Han Solo"]'),
	 ('tt0086190','nm0000402','["Princess Leia"]'),
	 ('tt0086190','nm0001850','["Lando Calrissian"]'),
	 ('tt0086250','nm0000199','["Tony Montana"]'),
	 ('tt0086250','nm0000201','["Elvira"]');
INSERT INTO imdb.actors_movies (movie_id,actor_id,`characters`) VALUES
	 ('tt0086250','nm0000874','["Manny Ribera"]'),
	 ('tt0086250','nm0001512','["Gina"]'),
	 ('tt0086879','nm0000719','["Antonio Salieri"]'),
	 ('tt0086879','nm0001371','["Wolfgang Amadeus Mozart"]'),
	 ('tt0086879','nm0000931','["Constanze Mozart"]'),
	 ('tt0086879','nm0234541','["Leopold Mozart"]'),
	 ('tt0087843','nm0000134','["Noodles"]'),
	 ('tt0087843','nm0000249','["Max"]'),
	 ('tt0087843','nm0001527','["Deborah"]'),
	 ('tt0087843','nm0001852','["Jimmy O''Donnell"]');
INSERT INTO imdb.actors_movies (movie_id,actor_id,`characters`) VALUES
	 ('tt0088247','nm0000216','["Terminator"]'),
	 ('tt0088247','nm0000157','["Sarah Connor"]'),
	 ('tt0088247','nm0000299','["Kyle Reese"]'),
	 ('tt0088247','nm0934902','["Traxler"]'),
	 ('tt0088763','nm0000150','["Marty McFly"]'),
	 ('tt0088763','nm0000502','["Dr. Emmett Brown"]'),
	 ('tt0088763','nm0000670','["Lorraine Baines"]'),
	 ('tt0088763','nm0000417','["George McFly"]'),
	 ('tt0089881','nm0619938','["Lord Hidetora Ichimonji"]'),
	 ('tt0089881','nm0855417','["Taro Takatora Ichimonji"]');
INSERT INTO imdb.actors_movies (movie_id,actor_id,`characters`) VALUES
	 ('tt0089881','nm0628704','["Jiro Masatora Ichimonji"]'),
	 ('tt0089881','nm0753480','["Saburo Naotora Ichimonji"]'),
	 ('tt0090605','nm0000244','["Ripley"]'),
	 ('tt0090605','nm0000299','["Corporal Hicks"]'),
	 ('tt0090605','nm0001343','["Newt"]'),
	 ('tt0090605','nm0001663','["Burke"]'),
	 ('tt0091251','nm0470385','["Flyora Gayshun"]'),
	 ('tt0091251','nm0592500','["Glasha"]'),
	 ('tt0091251','nm0490708','["Kosach"]'),
	 ('tt0091251','nm0046575','["Rubezh"]');
INSERT INTO imdb.actors_movies (movie_id,actor_id,`characters`) VALUES
	 ('tt0091763','nm0000221','["Chris"]'),
	 ('tt0091763','nm0000297','["Sgt. Barnes"]'),
	 ('tt0091763','nm0000353','["Sgt. Elias"]'),
	 ('tt0091763','nm0202966','["King"]'),
	 ('tt0092005','nm0000696','["Gordie Lachance"]'),
	 ('tt0092005','nm0000203','["Chris Chambers"]'),
	 ('tt0092005','nm0000397','["Teddy Duchamp"]'),
	 ('tt0092005','nm0005278','["Vern Tessio"]'),
	 ('tt0093058','nm0000546','["Pvt. Joker"]'),
	 ('tt0093058','nm0000388','["Gny. Sgt. Hartman"]');
INSERT INTO imdb.actors_movies (movie_id,actor_id,`characters`) VALUES
	 ('tt0093058','nm0000352','["Pvt. Pyle"]'),
	 ('tt0093058','nm0000284','["Animal Mother"]'),
	 ('tt0095016','nm0000246','["John McClane"]'),
	 ('tt0095016','nm0000614','["Hans Gruber"]'),
	 ('tt0095016','nm0000889','["Holly Gennaro McClane"]'),
	 ('tt0095016','nm0001817','["Sgt. Al Powell"]'),
	 ('tt0095327','nm0851302','["Seita"]'),
	 ('tt0095327','nm0794186','["Setsuko"]'),
	 ('tt0095327','nm0945312','["Aunt"]'),
	 ('tt0095327','nm0794002','["Mother"]');
INSERT INTO imdb.actors_movies (movie_id,actor_id,`characters`) VALUES
	 ('tt0095765','nm0634159','["Alfredo"]'),
	 ('tt0095765','nm0134073','["Spaccafico"]'),
	 ('tt0095765','nm0041066','["Maria Di Vita - Younger"]'),
	 ('tt0095765','nm0199774','["Anna"]'),
	 ('tt0096283','nm0847054','["Totoro"]'),
	 ('tt0096283','nm0383022','["Satsuki"]'),
	 ('tt0096283','nm0757076','["Mei"]'),
	 ('tt0096283','nm0411790','["Tatsuo Kusakabe"]'),
	 ('tt0097165','nm0000245','["John Keating"]'),
	 ('tt0097165','nm0000494','["Neil Perry"]');
INSERT INTO imdb.actors_movies (movie_id,actor_id,`characters`) VALUES
	 ('tt0097165','nm0000160','["Todd Anderson"]'),
	 ('tt0097165','nm0001038','["Knox Overstreet"]'),
	 ('tt0097576','nm0000148','["Indiana Jones"]'),
	 ('tt0097576','nm0000125','["Professor Henry Jones"]'),
	 ('tt0097576','nm0233145','["Elsa"]'),
	 ('tt0097576','nm0001186','["Marcus Brody"]'),
	 ('tt0099348','nm0000126','["Lieutenant Dunbar"]'),
	 ('tt0099348','nm0001521','["Stands With A Fist"]'),
	 ('tt0099348','nm0001295','["Kicking Bird"]'),
	 ('tt0099348','nm0002110','["Wind In His Hair"]');
INSERT INTO imdb.actors_movies (movie_id,actor_id,`characters`) VALUES
	 ('tt0099685','nm0000134','["James Conway"]'),
	 ('tt0099685','nm0000501','["Henry Hill"]'),
	 ('tt0099685','nm0000582','["Tommy DeVito"]'),
	 ('tt0099685','nm0000966','["Karen Hill"]'),
	 ('tt0102926','nm0000149','["Clarice Starling"]'),
	 ('tt0102926','nm0000164','["Dr. Hannibal Lecter"]'),
	 ('tt0102926','nm0095029','["FBI Instructor"]'),
	 ('tt0102926','nm0501435','["Ardelia Mapp"]'),
	 ('tt0103064','nm0000216','["The Terminator"]'),
	 ('tt0103064','nm0000157','["Sarah Connor"]');
INSERT INTO imdb.actors_movies (movie_id,actor_id,`characters`) VALUES
	 ('tt0103064','nm0000411','["John Connor"]'),
	 ('tt0103064','nm0001598','["T-1000"]'),
	 ('tt0105236','nm0000172','["Mr. White","Larry"]'),
	 ('tt0105236','nm0000619','["Mr. Orange","Freddy"]'),
	 ('tt0105236','nm0000514','["Mr. Blonde","Vic"]'),
	 ('tt0105236','nm0001606','["Nice Guy Eddie"]'),
	 ('tt0105695','nm0000142','["Bill Munny"]'),
	 ('tt0105695','nm0000432','["Little Bill Daggett"]'),
	 ('tt0105695','nm0000151','["Ned Logan"]'),
	 ('tt0105695','nm0001321','["English Bob"]');
INSERT INTO imdb.actors_movies (movie_id,actor_id,`characters`) VALUES
	 ('tt0107048','nm0000195','["Phil"]'),
	 ('tt0107048','nm0000510','["Rita"]'),
	 ('tt0107048','nm0254402','["Larry"]'),
	 ('tt0107048','nm0864997','["Ned"]'),
	 ('tt0107207','nm0000358','["Gerry Conlon"]'),
	 ('tt0107207','nm0000592','["Giuseppe Conlon"]'),
	 ('tt0107207','nm0188949','["Girl in Pub"]'),
	 ('tt0107207','nm2535022','["Guildford Soldier"]'),
	 ('tt0107290','nm0000554','["Grant"]'),
	 ('tt0107290','nm0000368','["Ellie"]');
INSERT INTO imdb.actors_movies (movie_id,actor_id,`characters`) VALUES
	 ('tt0107290','nm0000156','["Malcolm"]'),
	 ('tt0107290','nm0000277','["Hammond"]'),
	 ('tt0108052','nm0000553','["Oskar Schindler"]'),
	 ('tt0108052','nm0000146','["Amon Goeth"]'),
	 ('tt0108052','nm0001426','["Itzhak Stern"]'),
	 ('tt0108052','nm0328751','["Emilie Schindler"]'),
	 ('tt0109830','nm0000158','["Forrest Gump"]'),
	 ('tt0109830','nm0000705','["Jenny Curran"]'),
	 ('tt0109830','nm0000641','["Lieutenant Dan Taylor"]'),
	 ('tt0109830','nm0000398','["Mrs. Gump"]');
INSERT INTO imdb.actors_movies (movie_id,actor_id,`characters`) VALUES
	 ('tt0110413','nm0000606','["Leon"]'),
	 ('tt0110413','nm0000198','["Stansfield"]'),
	 ('tt0110413','nm0000204','["Mathilda"]'),
	 ('tt0110413','nm0000732','["Tony"]'),
	 ('tt0110912','nm0000237','["Vincent Vega"]'),
	 ('tt0110912','nm0000235','["Mia Wallace"]'),
	 ('tt0110912','nm0000168','["Jules Winnfield"]'),
	 ('tt0110912','nm0000246','["Butch Coolidge"]'),
	 ('tt0111161','nm0000209','["Andy Dufresne"]'),
	 ('tt0111161','nm0000151','["Ellis Boyd ''Red'' Redding"]');
INSERT INTO imdb.actors_movies (movie_id,actor_id,`characters`) VALUES
	 ('tt0111161','nm0348409','["Warden Norton"]'),
	 ('tt0111161','nm0006669','["Heywood"]'),
	 ('tt0112471','nm0000160','["Jesse"]'),
	 ('tt0112471','nm0000365','["Céline"]'),
	 ('tt0112471','nm0248600','["Wife on Train"]'),
	 ('tt0112471','nm0702541','["Husband on Train"]'),
	 ('tt0112573','nm0000154','["William Wallace"]'),
	 ('tt0112573','nm0000521','["Princess Isabelle"]'),
	 ('tt0112573','nm0001526','["Longshanks - King Edward I"]'),
	 ('tt0112573','nm0005171','["Robert the Bruce"]');
INSERT INTO imdb.actors_movies (movie_id,actor_id,`characters`) VALUES
	 ('tt0112641','nm0000134','["Sam ''Ace'' Rothstein"]'),
	 ('tt0112641','nm0000232','["Ginger McKenna"]'),
	 ('tt0112641','nm0000582','["Nicky Santoro"]'),
	 ('tt0112641','nm0000249','["Lester Diamond"]'),
	 ('tt0113247','nm0001993','["Vinz"]'),
	 ('tt0113247','nm0468003','["Hubert"]'),
	 ('tt0113247','nm0846548','["Saïd"]'),
	 ('tt0113247','nm0315760','["Abdel"]'),
	 ('tt0113277','nm0000199','["Lt. Vincent Hanna"]'),
	 ('tt0113277','nm0000134','["Neil McCauley"]');
INSERT INTO imdb.actors_movies (movie_id,actor_id,`characters`) VALUES
	 ('tt0113277','nm0000174','["Chris Shiherlis"]'),
	 ('tt0113277','nm0000685','["Nate"]'),
	 ('tt0114369','nm0000151','["Somerset"]'),
	 ('tt0114369','nm0000093','["Mills"]'),
	 ('tt0114369','nm0000228','["John Doe"]'),
	 ('tt0114369','nm0001825','["Dead Man at 1st Crime Scene"]'),
	 ('tt0114709','nm0000158','["Woody"]'),
	 ('tt0114709','nm0000741','["Buzz Lightyear"]'),
	 ('tt0114709','nm0725543','["Mr. Potato Head"]'),
	 ('tt0114709','nm0001815','["Slinky Dog"]');
INSERT INTO imdb.actors_movies (movie_id,actor_id,`characters`) VALUES
	 ('tt0114814','nm0000228','["Verbal"]'),
	 ('tt0114814','nm0000321','["Keaton"]'),
	 ('tt0114814','nm0001590','["Dave Kujan"]'),
	 ('tt0114814','nm0000286','["McManus"]'),
	 ('tt0117951','nm0000191','["Renton"]'),
	 ('tt0117951','nm0001971','["Spud"]'),
	 ('tt0117951','nm0001538','["Sick Boy"]'),
	 ('tt0117951','nm0571727','["Tommy"]'),
	 ('tt0118799','nm0000905','["Guido"]'),
	 ('tt0118799','nm0000971','["Dora"]');
INSERT INTO imdb.actors_movies (movie_id,actor_id,`characters`) VALUES
	 ('tt0118799','nm0134493','["Giosué"]'),
	 ('tt0118799','nm0243842','["Zio"]'),
	 ('tt0118849','nm0619870','["Ali''s Father"]'),
	 ('tt0118849','nm0268488','["Ali"]'),
	 ('tt0118849','nm0781245','["Zahra"]'),
	 ('tt0118849','nm0415412','["Roya"]'),
	 ('tt0119217','nm0000245','["Sean"]'),
	 ('tt0119217','nm0000354','["Will"]'),
	 ('tt0119217','nm0000255','["Chuckie"]'),
	 ('tt0119217','nm0001745','["Lambeau"]');
INSERT INTO imdb.actors_movies (movie_id,actor_id,`characters`) VALUES
	 ('tt0119488','nm0000228','["Jack Vincennes"]'),
	 ('tt0119488','nm0000128','["Bud White"]'),
	 ('tt0119488','nm0001602','["Ed Exley"]'),
	 ('tt0119488','nm0000107','["Lynn Bracken"]'),
	 ('tt0119698','nm0559444','["Ashitaka"]'),
	 ('tt0119698','nm0410942','["San","Mononoke-Hime","Kaya"]'),
	 ('tt0119698','nm0849100','["Eboshi-gozen"]'),
	 ('tt0119698','nm0001082','["Ashitaka"]'),
	 ('tt0120382','nm0000120','["Truman Burbank"]'),
	 ('tt0120382','nm0000438','["Christof"]');
INSERT INTO imdb.actors_movies (movie_id,actor_id,`characters`) VALUES
	 ('tt0120382','nm0001473','["Meryl Burbank","Hannah Gill"]'),
	 ('tt0120382','nm0001187','["Marlon"]'),
	 ('tt0120586','nm0001570','["Derek"]'),
	 ('tt0120586','nm0000411','["Danny"]'),
	 ('tt0120586','nm0000350','["Doris"]'),
	 ('tt0120586','nm0000497','["Davina"]'),
	 ('tt0120689','nm0000158','["Paul Edgecomb"]'),
	 ('tt0120689','nm0003817','["John Coffey"]'),
	 ('tt0120689','nm0001556','["Brutus ''Brutal'' Howell"]'),
	 ('tt0120689','nm0001372','["Jan Edgecomb"]');
INSERT INTO imdb.actors_movies (movie_id,actor_id,`characters`) VALUES
	 ('tt0120735','nm0002076','["Tom"]'),
	 ('tt0120735','nm0002077','["Soap"]'),
	 ('tt0120735','nm0602941','["Eddy"]'),
	 ('tt0120735','nm0005458','["Bacon"]'),
	 ('tt0120737','nm0000704','["Frodo"]'),
	 ('tt0120737','nm0005212','["Gandalf"]'),
	 ('tt0120737','nm0089217','["Legolas"]'),
	 ('tt0120737','nm0000293','["Boromir"]'),
	 ('tt0120815','nm0000158','["Captain Miller"]'),
	 ('tt0120815','nm0000354','["Private Ryan"]');
INSERT INTO imdb.actors_movies (movie_id,actor_id,`characters`) VALUES
	 ('tt0120815','nm0001744','["Sergeant Horvath"]'),
	 ('tt0120815','nm0122653','["Private Reiben"]'),
	 ('tt0129167','nm0547349','["Hogarth Hughes"]'),
	 ('tt0129167','nm0001065','["Dean McCoppin"]'),
	 ('tt0129167','nm0000098','["Annie Hughes"]'),
	 ('tt0129167','nm0004874','["The Iron Giant"]'),
	 ('tt0137523','nm0000093','["Tyler Durden"]'),
	 ('tt0137523','nm0001570','["Narrator"]'),
	 ('tt0137523','nm0001533','["Robert Paulsen"]'),
	 ('tt0137523','nm0340260','["Richard Chesler (Regional Manager)"]');
INSERT INTO imdb.actors_movies (movie_id,actor_id,`characters`) VALUES
	 ('tt0167260','nm0000704','["Frodo"]'),
	 ('tt0167260','nm0001557','["Aragorn"]'),
	 ('tt0167260','nm0005212','["Gandalf"]'),
	 ('tt0167260','nm0089217','["Legolas"]'),
	 ('tt0167261','nm0000704','["Frodo"]'),
	 ('tt0167261','nm0005212','["Gandalf"]'),
	 ('tt0167261','nm0001557','["Aragorn"]'),
	 ('tt0167261','nm0089217','["Legolas"]'),
	 ('tt0167404','nm0000246','["Malcolm Crowe"]'),
	 ('tt0167404','nm0005286','["Cole Sear"]');
INSERT INTO imdb.actors_movies (movie_id,actor_id,`characters`) VALUES
	 ('tt0167404','nm0001057','["Lynn Sear"]'),
	 ('tt0167404','nm0931404','["Anna Crowe"]'),
	 ('tt0169547','nm0000228','["Lester Burnham"]'),
	 ('tt0169547','nm0000906','["Carolyn Burnham"]'),
	 ('tt0169547','nm0000301','["Jane Burnham"]'),
	 ('tt0169547','nm0004747','["Ricky Fitts"]'),
	 ('tt0172495','nm0000128','["Maximus"]'),
	 ('tt0172495','nm0001618','["Commodus"]'),
	 ('tt0172495','nm0001567','["Lucilla"]'),
	 ('tt0172495','nm0001657','["Proximo"]');
INSERT INTO imdb.actors_movies (movie_id,actor_id,`characters`) VALUES
	 ('tt0180093','nm0000995','["Sara Goldfarb"]'),
	 ('tt0180093','nm0001467','["Harry Goldfarb"]'),
	 ('tt0180093','nm0000124','["Marion Silver"]'),
	 ('tt0180093','nm0005541','["Tyrone C. Love"]'),
	 ('tt0208092','nm0005458','["Turkish"]'),
	 ('tt0208092','nm0000093','["Mickey O''Neil"]'),
	 ('tt0208092','nm0334318','["Tommy"]'),
	 ('tt0208092','nm0005068','["Bullet-Tooth Tony"]'),
	 ('tt0209144','nm0001602','["Leonard"]'),
	 ('tt0209144','nm0005251','["Natalie"]');
INSERT INTO imdb.actors_movies (movie_id,actor_id,`characters`) VALUES
	 ('tt0209144','nm0001592','["Teddy"]'),
	 ('tt0209144','nm0095478','["Burt"]'),
	 ('tt0211915','nm0851582','["Amélie Poulain"]'),
	 ('tt0211915','nm0440913','["Nino Quincampoix"]'),
	 ('tt0211915','nm0749363','["Raphaël Poulain"]'),
	 ('tt0211915','nm0186677','["Amandine Poulain"]'),
	 ('tt0245429','nm0153738','["Chihiro"]'),
	 ('tt0245429','nm0687189','["Yubaba","Zeniba"]'),
	 ('tt0245429','nm0997115','["Haku"]'),
	 ('tt0245429','nm0383708','["Chihiro Ogino","Sen"]');
INSERT INTO imdb.actors_movies (movie_id,actor_id,`characters`) VALUES
	 ('tt0245712','nm0248408','["El Chivo"]'),
	 ('tt0245712','nm0305558','["Octavio"]'),
	 ('tt0245712','nm0865949','["Valeria"]'),
	 ('tt0245712','nm0346270','["Daniel"]'),
	 ('tt0253474','nm0004778','["Wladyslaw Szpilman"]'),
	 ('tt0253474','nm0470981','["Captain Wilm Hosenfeld"]'),
	 ('tt0253474','nm0277975','["Father"]'),
	 ('tt0253474','nm0288976','["Dorota"]'),
	 ('tt0264464','nm0000138','["Frank Abagnale Jr."]'),
	 ('tt0264464','nm0000158','["Carl Hanratty"]');
INSERT INTO imdb.actors_movies (movie_id,actor_id,`characters`) VALUES
	 ('tt0264464','nm0000686','["Frank Abagnale"]'),
	 ('tt0264464','nm0000640','["Roger Strong"]'),
	 ('tt0266697','nm0000235','["The Bride"]'),
	 ('tt0266697','nm0001016','["Bill"]'),
	 ('tt0266697','nm0000435','["Elle Driver"]'),
	 ('tt0266697','nm0000514','["Budd"]'),
	 ('tt0268978','nm0000128','["John Nash"]'),
	 ('tt0268978','nm0000438','["Parcher"]'),
	 ('tt0268978','nm0000124','["Alicia Nash"]'),
	 ('tt0268978','nm0001626','["Dr. Rosen"]');
INSERT INTO imdb.actors_movies (movie_id,actor_id,`characters`) VALUES
	 ('tt0317705','nm0005266','["Bob Parr","Mr. Incredible"]'),
	 ('tt0317705','nm0000168','["Lucius Best","Frozone"]'),
	 ('tt0317705','nm0000456','["Helen Parr","Elastigirl"]'),
	 ('tt0317705','nm0005134','["Buddy Pine","Syndrome"]'),
	 ('tt0325980','nm0000136','["Jack Sparrow"]'),
	 ('tt0325980','nm0001691','["Barbossa"]'),
	 ('tt0325980','nm0089217','["Will Turner"]'),
	 ('tt0325980','nm0461136','["Elizabeth Swann"]'),
	 ('tt0338013','nm0000120','["Joel Barish"]'),
	 ('tt0338013','nm0000701','["Clementine Kruczynski"]');
INSERT INTO imdb.actors_movies (movie_id,actor_id,`characters`) VALUES
	 ('tt0338013','nm0929489','["Dr. Mierzwiak"]'),
	 ('tt0338013','nm0004423','["Train Conductor"]'),
	 ('tt0347149','nm0047962','["Sofî"]'),
	 ('tt0347149','nm0454120','["Hauru"]'),
	 ('tt0347149','nm0309107','["Karushifâ"]'),
	 ('tt0347149','nm0594271','["Arechi no Majo"]'),
	 ('tt0353969','nm0814280','["Detective Park Doo-man"]'),
	 ('tt0353969','nm1235292','["Detective Seo Tae-yoon"]'),
	 ('tt0353969','nm1323287','["Detective Cho Yong-koo"]'),
	 ('tt0353969','nm1138201','["Sergeant Shin Dong-chul"]');
INSERT INTO imdb.actors_movies (movie_id,actor_id,`characters`) VALUES
	 ('tt0361748','nm0000093','["Lt. Aldo Raine"]'),
	 ('tt0361748','nm1208167','["Bridget von Hammersmark"]'),
	 ('tt0361748','nm0744834','["Sgt. Donny Donowitz"]'),
	 ('tt0361748','nm0491259','["Shosanna"]'),
	 ('tt0363163','nm0004486','["Adolf Hitler"]'),
	 ('tt0363163','nm0487884','["Traudl Junge"]'),
	 ('tt0363163','nm0559890','["Joseph Goebbels"]'),
	 ('tt0363163','nm0477810','["Eva Braun"]'),
	 ('tt0364569','nm0158856','["Dae-su Oh"]'),
	 ('tt0364569','nm0949167','["Woo-jin Lee"]');
INSERT INTO imdb.actors_movies (movie_id,actor_id,`characters`) VALUES
	 ('tt0364569','nm1367246','["Mi-do"]'),
	 ('tt0364569','nm1366028','["Mr. Han"]'),
	 ('tt0372784','nm0000288','["Bruce Wayne","Batman"]'),
	 ('tt0372784','nm0000323','["Alfred"]'),
	 ('tt0372784','nm0913822','["Ra''s Al Ghul"]'),
	 ('tt0372784','nm0000553','["Ducard"]'),
	 ('tt0381681','nm0000160','["Jesse"]'),
	 ('tt0381681','nm0000365','["Celine"]'),
	 ('tt0381681','nm0229943','["Bookstore Manager"]'),
	 ('tt0381681','nm1195302','["Journalist #1"]');
INSERT INTO imdb.actors_movies (movie_id,actor_id,`characters`) VALUES
	 ('tt0395169','nm0000332','["Paul Rusesabagina"]'),
	 ('tt0395169','nm0645683','["Tatiana Rusesabagina"]'),
	 ('tt0395169','nm0001618','["Jack Daglish"]'),
	 ('tt0395169','nm1796730','["Policeman"]'),
	 ('tt0405094','nm0618057','["Hauptmann Gerd Wiesler"]'),
	 ('tt0405094','nm0311476','["Christa-Maria Sieland"]'),
	 ('tt0405094','nm0462407','["Georg Dreyman"]'),
	 ('tt0405094','nm0876300','["Oberstleutnant Anton Grubitz"]'),
	 ('tt0405159','nm0005476','["Maggie Fitzgerald"]'),
	 ('tt0405159','nm0000142','["Frankie Dunn"]');
INSERT INTO imdb.actors_movies (movie_id,actor_id,`characters`) VALUES
	 ('tt0405159','nm0000151','["Eddie Scrap-Iron Dupris"]'),
	 ('tt0405159','nm0059431','["Danger Barch"]'),
	 ('tt0407887','nm0000138','["Billy"]'),
	 ('tt0407887','nm0000354','["Colin"]'),
	 ('tt0407887','nm0000197','["Costello"]'),
	 ('tt0407887','nm0000242','["Dignam"]'),
	 ('tt0434409','nm0915989','["V"]'),
	 ('tt0434409','nm0000204','["Evey"]'),
	 ('tt0434409','nm0001291','["Dominic"]'),
	 ('tt0434409','nm0001653','["Finch"]');
INSERT INTO imdb.actors_movies (movie_id,actor_id,`characters`) VALUES
	 ('tt0435761','nm0000158','["Woody"]'),
	 ('tt0435761','nm0000741','["Buzz Lightyear"]'),
	 ('tt0435761','nm0000349','["Jessie"]'),
	 ('tt0435761','nm0000885','["Lotso"]'),
	 ('tt0457430','nm1419440','["Ofelia"]'),
	 ('tt0457430','nm0317725','["Carmen"]'),
	 ('tt0457430','nm0530365','["Vidal"]'),
	 ('tt0457430','nm0893941','["Mercedes"]'),
	 ('tt0468569','nm0000288','["Bruce Wayne"]'),
	 ('tt0468569','nm0005132','["Joker"]');
INSERT INTO imdb.actors_movies (movie_id,actor_id,`characters`) VALUES
	 ('tt0468569','nm0001173','["Harvey Dent"]'),
	 ('tt0468569','nm0000323','["Alfred"]'),
	 ('tt0469494','nm0000358','["Daniel Plainview"]'),
	 ('tt0469494','nm0200452','["Paul Sunday","Eli Sunday"]'),
	 ('tt0469494','nm0001354','["Fletcher"]'),
	 ('tt0469494','nm2872491','["Silver Assay Worker"]'),
	 ('tt0476735','nm1002038','["Hüseyin"]'),
	 ('tt0476735','nm0476334','["Sadik"]'),
	 ('tt0476735','nm0406157','["Nuran"]'),
	 ('tt0476735','nm2020015','["Deniz"]');
INSERT INTO imdb.actors_movies (movie_id,actor_id,`characters`) VALUES
	 ('tt0482571','nm0000288','["Alfred Borden"]'),
	 ('tt0482571','nm0413168','["Robert Angier"]'),
	 ('tt0482571','nm0424060','["Olivia Wenscombe"]'),
	 ('tt0482571','nm0000323','["Cutter"]'),
	 ('tt0758758','nm0386472','["Chris McCandless"]'),
	 ('tt0758758','nm0000681','["Wayne Westerberg"]'),
	 ('tt0758758','nm0001416','["Jan Burres"]'),
	 ('tt0758758','nm0001315','["Billie McCandless"]'),
	 ('tt0816692','nm0000190','["Cooper"]'),
	 ('tt0816692','nm0004266','["Brand"]');
INSERT INTO imdb.actors_movies (movie_id,actor_id,`characters`) VALUES
	 ('tt0816692','nm1567113','["Murph"]'),
	 ('tt0816692','nm3237775','["Murph (10 Yrs.)"]'),
	 ('tt0910970','nm0123785','["WALL·E","M-O","Robots"]'),
	 ('tt0910970','nm2264184','["EVE"]'),
	 ('tt0910970','nm0307531','["Captain"]'),
	 ('tt0910970','nm0929609','["Shelby Forthright"]'),
	 ('tt0978762','nm0001057','["Mary Daisy Dinkle"]'),
	 ('tt0978762','nm0000450','["Max Jerry Horovitz"]'),
	 ('tt0978762','nm0051509','["Damien Popodopolous"]'),
	 ('tt0978762','nm0402032','["Narrator"]');
INSERT INTO imdb.actors_movies (movie_id,actor_id,`characters`) VALUES
	 ('tt0993846','nm0000138','["Jordan Belfort"]'),
	 ('tt0993846','nm1706767','["Donnie Azoff"]'),
	 ('tt0993846','nm3053338','["Naomi Lapaglia"]'),
	 ('tt0993846','nm0000190','["Mark Hanna"]'),
	 ('tt1028532','nm0000152','["Parker Wilson"]'),
	 ('tt1028532','nm0000260','["Cate Wilson"]'),
	 ('tt1028532','nm0846480','["Ken"]'),
	 ('tt1028532','nm2105255','["Andy"]'),
	 ('tt1130884','nm0000138','["Teddy Daniels"]'),
	 ('tt1130884','nm0607865','["Rachel 1"]');
INSERT INTO imdb.actors_movies (movie_id,actor_id,`characters`) VALUES
	 ('tt1130884','nm0749263','["Chuck Aule"]'),
	 ('tt1130884','nm0001426','["Dr. Cawley"]'),
	 ('tt1187043','nm0451148','["Ranchoddas Shamaldas Chanchad (Rancho)","Phunsukh Wangdu"]'),
	 ('tt1187043','nm0534856','["Farhan Qureshi"]'),
	 ('tt1187043','nm1587175','["Mona Sahastrabuddhe"]'),
	 ('tt1187043','nm0430817','["Raju Rastogi"]'),
	 ('tt1201607','nm0705356','["Harry Potter"]'),
	 ('tt1201607','nm0914612','["Hermione Granger"]'),
	 ('tt1201607','nm0342488','["Ron Weasley"]'),
	 ('tt1201607','nm0002091','["Professor Albus Dumbledore"]');
INSERT INTO imdb.actors_movies (movie_id,actor_id,`characters`) VALUES
	 ('tt1205489','nm0000142','["Walt Kowalski"]'),
	 ('tt1205489','nm3057402','["Thao"]'),
	 ('tt1205489','nm1542291','["Father Janovich"]'),
	 ('tt1205489','nm3115704','["Sue"]'),
	 ('tt1255953','nm0044073','["Nawal Marwan"]'),
	 ('tt1255953','nm0246386','["Jeanne Marwan"]'),
	 ('tt1255953','nm0309945','["Simon Marwan"]'),
	 ('tt1255953','nm1323233','["Barbier de la Milice","Officer Milice Chrétienne"]'),
	 ('tt1291584','nm0362766','["Tommy Conlon"]'),
	 ('tt1291584','nm0000560','["Paddy Conlon"]');
INSERT INTO imdb.actors_movies (movie_id,actor_id,`characters`) VALUES
	 ('tt1291584','nm0249291','["Brendan Conlon"]'),
	 ('tt1291584','nm0607185','["Tess Conlon"]'),
	 ('tt1305806','nm0201857','["Benjamín Esposito"]'),
	 ('tt1305806','nm0897845','["Irene Menéndez Hastings"]'),
	 ('tt1305806','nm0706567','["Ricardo Morales"]'),
	 ('tt1305806','nm3587952','["Liliana Coloto"]'),
	 ('tt1345836','nm0000288','["Bruce Wayne"]'),
	 ('tt1345836','nm0362766','["Bane"]'),
	 ('tt1345836','nm0004266','["Selina"]'),
	 ('tt1345836','nm0000198','["Commissioner Gordon"]');
INSERT INTO imdb.actors_movies (movie_id,actor_id,`characters`) VALUES
	 ('tt1375666','nm0000138','["Cobb"]'),
	 ('tt1375666','nm0330687','["Arthur"]'),
	 ('tt1375666','nm0680983','["Ariadne"]'),
	 ('tt1375666','nm0913822','["Saito"]'),
	 ('tt1392190','nm0362766','["Max Rockatansky"]'),
	 ('tt1392190','nm0000234','["Imperator Furiosa"]'),
	 ('tt1392190','nm0396558','["Nux"]'),
	 ('tt1392190','nm2368789','["Toast the Knowing"]'),
	 ('tt1392214','nm0413168','["Keller Dover"]'),
	 ('tt1392214','nm0350453','["Detective Loki"]');
INSERT INTO imdb.actors_movies (movie_id,actor_id,`characters`) VALUES
	 ('tt1392214','nm0205626','["Nancy Birch"]'),
	 ('tt1392214','nm0502425','["Holly Jones"]'),
	 ('tt1454029','nm1297015','["Skeeter Phelan"]'),
	 ('tt1454029','nm0205626','["Aibileen Clark"]'),
	 ('tt1454029','nm0818055','["Minny Jackson"]'),
	 ('tt1454029','nm0397171','["Hilly Holbrook"]'),
	 ('tt1745960','nm0000129','["Capt. Pete ''Maverick'' Mitchell"]'),
	 ('tt1745960','nm0000124','["Penny Benjamin"]'),
	 ('tt1745960','nm1886602','["Lt. Bradley ''Rooster'' Bradshaw"]'),
	 ('tt1745960','nm0000174','["Adm. Tom ''Iceman'' Kazansky"]');
INSERT INTO imdb.actors_movies (movie_id,actor_id,`characters`) VALUES
	 ('tt1832382','nm1818216','["Nader"]'),
	 ('tt1832382','nm0368689','["Simin"]'),
	 ('tt1832382','nm4299147','["Razieh"]'),
	 ('tt1832382','nm1486911','["Hojjat"]'),
	 ('tt1853728','nm0004937','["Django"]'),
	 ('tt1853728','nm0910607','["Dr. King Schultz"]'),
	 ('tt1853728','nm0000138','["Calvin Candie"]'),
	 ('tt1853728','nm0913488','["Broomhilda von Shaft"]'),
	 ('tt1895587','nm0749263','["Mike Rezendes"]'),
	 ('tt1895587','nm0000474','["Walter ''Robby'' Robinson"]');
INSERT INTO imdb.actors_movies (movie_id,actor_id,`characters`) VALUES
	 ('tt1895587','nm1046097','["Sacha Pfeiffer"]'),
	 ('tt1895587','nm0000630','["Marty Baron"]'),
	 ('tt1950186','nm0000354','["Carroll Shelby"]'),
	 ('tt1950186','nm0000288','["Ken Miles"]'),
	 ('tt1950186','nm1256532','["Lee Iacocca"]'),
	 ('tt1950186','nm1495520','["Mollie Miles"]'),
	 ('tt1979320','nm0117709','["Niki Lauda"]'),
	 ('tt1979320','nm1165110','["James Hunt"]'),
	 ('tt1979320','nm1312575','["Suzy Miller"]'),
	 ('tt1979320','nm0487884','["Marlene Lauda"]');
INSERT INTO imdb.actors_movies (movie_id,actor_id,`characters`) VALUES
	 ('tt2024544','nm0252230','["Solomon Northup"]'),
	 ('tt2024544','nm0931324','["Robert"]'),
	 ('tt2024544','nm1055413','["Edwin Epps"]'),
	 ('tt2024544','nm0000093','["Bass"]'),
	 ('tt2106476','nm0586568','["Lucas"]'),
	 ('tt2106476','nm0488917','["Theo"]'),
	 ('tt2106476','nm5038871','["Klara"]'),
	 ('tt2106476','nm5039026','["Marcus"]'),
	 ('tt2119532','nm1940449','["Desmond Doss"]'),
	 ('tt2119532','nm0941777','["Captain Glover"]');
INSERT INTO imdb.actors_movies (movie_id,actor_id,`characters`) VALUES
	 ('tt2119532','nm3478396','["Smitty Ryker"]'),
	 ('tt2119532','nm1954240','["Dorothy Schutte"]'),
	 ('tt2267998','nm0000255','["Nick Dunne"]'),
	 ('tt2267998','nm0683253','["Amy Dunne"]'),
	 ('tt2267998','nm0000439','["Desi Collings"]'),
	 ('tt2267998','nm1347153','["Tanner Bolt"]'),
	 ('tt2278388','nm0000146','["M. Gustave"]'),
	 ('tt2278388','nm0000719','["Mr. Moustafa"]'),
	 ('tt2278388','nm0023832','["Serge X."]'),
	 ('tt2278388','nm0004778','["Dmitri"]');
INSERT INTO imdb.actors_movies (movie_id,actor_id,`characters`) VALUES
	 ('tt2582802','nm1886602','["Andrew"]'),
	 ('tt2582802','nm0799777','["Fletcher"]'),
	 ('tt2582802','nm2552034','["Nicole"]'),
	 ('tt2582802','nm0001663','["Jim Neimann"]'),
	 ('tt3011894','nm0334882','Pasternak"")"]'),
	 ('tt3011894','nm0555404','Pasternak"")"]'),
	 ('tt3011894','nm0897640','Pasternak"")"]'),
	 ('tt3011894','nm0823435','Pasternak"")"]'),
	 ('tt3170832','nm0488953','["Ma"]'),
	 ('tt3170832','nm5016878','["Jack"]');
INSERT INTO imdb.actors_movies (movie_id,actor_id,`characters`) VALUES
	 ('tt3170832','nm0108703','["Old Nick"]'),
	 ('tt3170832','nm0187724','["Talk Show Hostess"]'),
	 ('tt3315342','nm0413168','["Logan","X-24"]'),
	 ('tt3315342','nm0001772','["Charles"]'),
	 ('tt3315342','nm6748436','["Laura"]'),
	 ('tt3315342','nm2933542','["Pierce"]'),
	 ('tt4016934','nm1195119','["Lady Hideko"]'),
	 ('tt4016934','nm1978402','["Count Fujiwara"]'),
	 ('tt4016934','nm2437361','["Uncle Kouzuki"]'),
	 ('tt4016934','nm0600668','["Aunt of Lady Hideko"]');
INSERT INTO imdb.actors_movies (movie_id,actor_id,`characters`) VALUES
	 ('tt5027774','nm0000531','["Mildred"]'),
	 ('tt5027774','nm0000437','["Willoughby"]'),
	 ('tt5027774','nm0005377','["Dixon"]'),
	 ('tt5027774','nm2655177','["Red Welby"]'),
	 ('tt5074352','nm0451148','["Mahavir Singh Phogat"]'),
	 ('tt5074352','nm2799219','["Daya Kaur"]'),
	 ('tt5074352','nm0760778','["Geeta Phogat"]'),
	 ('tt5074352','nm7621667','["Babita Kumari"]'),
	 ('tt5311514','nm1126340','["Taki Tachibana"]'),
	 ('tt5311514','nm4759838','["Mitsuha Miyamizu"]');
INSERT INTO imdb.actors_movies (movie_id,actor_id,`characters`) VALUES
	 ('tt5311514','nm6954008','["Katsuhiko Teshigawara"]'),
	 ('tt5311514','nm2976492','["Sayaka Natori"]'),
	 ('tt6751668','nm0814280','["Ki Taek"]'),
	 ('tt6751668','nm1310525','["Dong Ik"]'),
	 ('tt6751668','nm1856097','["Yeon Kyo"]'),
	 ('tt6751668','nm6079248','["Ki Woo"]'),
	 ('tt6966692','nm0001557','["Tony Lip"]'),
	 ('tt6966692','nm0991810','["Dr. Donald Shirley"]'),
	 ('tt6966692','nm0004802','["Dolores"]'),
	 ('tt6966692','nm1724319','["Johnny Venere"]');
INSERT INTO imdb.actors_movies (movie_id,actor_id,`characters`) VALUES
	 ('tt7286456','nm0001618','["Arthur Fleck"]'),
	 ('tt7286456','nm0000134','["Murray Franklin"]'),
	 ('tt7286456','nm5939164','["Sophie Dumond"]'),
	 ('tt7286456','nm0175814','["Penny Fleck"]'),
	 ('tt8267604','nm9862858','["Zain"]'),
	 ('tt8267604','nm9862859','["Rahil"]'),
	 ('tt8267604','nm9862860','["Yonas"]'),
	 ('tt8267604','nm10201625','["Souad"]'),
	 ('tt8503618','nm0592135','["Alexander Hamilton"]'),
	 ('tt8503618','nm5623883','["Eliza Hamilton"]');
INSERT INTO imdb.actors_movies (movie_id,actor_id,`characters`) VALUES
	 ('tt8503618','nm1502434','["Aaron Burr"]'),
	 ('tt8503618','nm0325989','["Angelica Schuyler"]'),
	 ('tt8579674','nm2835616','["Lance Corporal Blake"]'),
	 ('tt8579674','nm1126657','["Lance Corporal Schofield"]'),
	 ('tt8579674','nm0990547','["Sergeant Sanders"]'),
	 ('tt8579674','nm0000147','["General Erinmore"]');
