<?xml version="1.0" standalone="no"?>
<!DOCTYPE empresa SYSTEM "empresa.dtd">
<empresa>
	<empleados>

		<nombre>Pepa</nombre>
		<apellidos>Rodrigo</apellidos>
		<apellidos>Rodriguez</apellidos>
		<telefono>8959783455</telefono>
		<email>pepa.rodrigo@omicrosoft.com</email>

			<organizaciondecorreo />
			<tipodecorreo />
			<nombreusuario />

		<direccion>

			<calle>C/ Periquito</calle>
			<numero>5</numero>
			<cp>78985</cp>

		</direccion>

	</empleados>

</empresa>


	
